Time [s],Gauge Pressure,Inspiratory differenrtial pressure,Expiratory differenrtial pressure
0,10224,8178,8185
0.00200099999999992,10227,8178,8182
0.00477099999999986,10224,8178,8185
0.0235649999999996,10227,8178,8187
0.0306049999999995,10221,8178,8185
0.0318719999999999,10221,8178,8182
0.0404809999999998,10221,8178,8182
0.051965,10215,8175,8182
0.0581259999999997,10215,8175,8185
0.069191,10212,8178,8182
0.07972,10209,8175,8182
0.0885049999999996,10207,8175,8182
0.0988619999999996,10204,8175,8182
0.110203,10204,8175,8185
0.119161,10201,8175,8185
0.130720999999999,10196,8175,8185
0.139696,10193,8175,8182
0.151371,10193,8175,8185
0.160056,10190,8178,8185
0.171869,10190,8178,8182
0.180607,10185,8178,8182
0.19124,10177,8178,8185
0.199789,10180,8178,8185
0.210988,10177,8178,8182
0.219228,10177,8178,8185
0.228096,10174,8178,8185
0.241576,10174,8175,8182
0.24799,10168,8178,8185
0.258974,10168,8178,8182
0.269932,10165,8178,8182
0.278809,10162,8178,8182
0.289617,10154,8178,8185
0.301149,10154,8178,8182
0.30946,10149,8178,8182
0.318496,10141,8178,8185
0.329774,10138,8178,8185
0.338887,10133,8178,8185
0.350613,10126,8178,8182
0.359169,10118,8178,8182
0.370436,10118,8175,8185
0.378614,10112,8175,8182
0.390085,10106,8175,8182
0.398645999999999,10101,8175,8182
0.41008,10093,8175,8182
0.418763,10090,8178,8185
0.430512,10076,8175,8180
0.439646,10076,8175,8180
0.450813999999999,10076,8175,8182
0.459859,10068,8175,8182
0.471075,10063,8181,8185
0.48013,10055,8181,8182
0.488799,10052,8181,8185
0.4979,10047,8181,8182
0.511509,10041,8181,8182
0.52042,10039,8181,8182
0.529484999999999,10031,8181,8182
0.538594,10031,8181,8185
0.550302,10028,8181,8182
0.559126,10020,8181,8180
0.570226,10020,8181,8185
0.579226999999999,10018,8178,8182
0.590897,10012,8178,8185
0.600004,10009,8178,8185
0.608381,10001,8178,8180
0.617359,9999,8178,8182
0.628508,9990,8178,8182
0.639877,9985,8178,8185
0.651458,9980,8178,8180
0.657913000000001,9973,8178,8182
0.669449,9965,8178,8182
0.680096000000001,9957,8178,8182
0.688796,9954,8178,8185
0.700443,9949,8178,8182
0.708349999999999,9940,8178,8182
0.720001999999999,9937,8178,8182
0.728260000000001,9929,8178,8182
0.739521999999999,9921,8178,8182
0.748143000000001,9918,8178,8185
0.757263,9909,8178,8182
0.770446999999999,9906,8178,8182
0.776419000000001,9898,8175,8185
0.790431,9893,8175,8180
0.799097,9890,8175,8182
0.81077,9887,8175,8182
0.816815,9876,8175,8182
0.827878999999999,9871,8175,8182
0.836048999999999,9871,8175,8182
0.848424,9866,8175,8180
0.875284000000001,9860,8175,8182
0.875666000000001,9858,8175,8182
0.875913000000001,9852,8175,8185
0.889595,9842,8178,8182
0.897423,9842,8178,8182
0.908642,9837,8178,8182
0.919819,9831,8178,8182
0.928820999999999,9828,8178,8182
0.939971,9826,8178,8182
0.950486,9820,8178,8182
0.956464,9826,8178,8182
0.969816999999999,9820,8178,8182
0.978014,9818,8178,8185
0.989613,9818,8178,8182
0.998707,9815,8178,8180
1.007701,9812,8178,8182
1.019352,9809,8178,8182
1.028189,9809,8178,8180
1.03974,9807,8178,8182
1.048887,9807,8178,8177
1.060097,9799,8178,8182
1.068254,9799,8178,8182
1.077225,9796,8178,8182
1.088852,9793,8178,8182
1.097779,9791,8178,8185
1.109256,9791,8178,8182
1.117853,9785,8178,8180
1.129521,9777,8178,8182
1.13858,9777,8178,8182
1.149869,9751,8178,8182
1.15892,9753,8178,8180
1.167518,9745,8178,8182
1.17919,9732,8178,8180
1.187434,9724,8178,8182
1.199111,9701,8178,8182
1.208164,9677,8178,8180
1.217224,9651,8178,8180
1.228902,9623,8178,8182
1.237957,9601,8178,8182
1.249453,9585,8178,8182
1.258371,9564,8178,8182
1.270226,9545,8178,8182
1.279001,9534,8178,8182
1.289812,9521,8178,8182
1.298459,9513,8178,8182
1.309877,9502,8178,8180
1.318958,9487,8178,8182
1.330394,9476,8178,8182
1.336894,9462,8178,8180
1.34743,9454,8178,8180
1.359134,9443,8178,8182
1.367775,9435,8178,8180
1.378511,9427,8178,8180
1.387481,9418,8178,8182
1.398797,9407,8178,8182
1.407292,9396,8175,8182
1.41651,9381,8175,8180
1.42816,9371,8175,8182
1.439755,9360,8175,8182
1.448318,9352,8175,8182
1.459962,9337,8173,8180
1.466385,9324,8175,8182
1.477782,9307,8175,8180
1.486255,9285,8175,8180
1.500141,9265,8175,8182
1.506412,9246,8175,8182
1.51807,9224,8178,8180
1.529763,9200,8178,8182
1.538806,9173,8178,8182
1.547534,9149,8178,8182
1.556398,9116,8178,8182
1.568089,9077,8178,8182
1.577103,9038,8178,8180
1.588766,9002,8178,8182
1.597929,8969,8178,8180
1.609611,8936,8178,8182
1.618708,8899,8178,8182
1.627484,8863,8178,8182
1.636529,8827,8178,8182
1.647365,8788,8178,8182
1.658988,8747,8178,8180
1.668033,8705,8175,8182
1.676616,8672,8178,8180
1.687961,8630,8178,8180
1.696944,8597,8178,8182
1.70857,8562,8178,8180
1.717643,8525,8178,8180
1.728887,8487,8178,8180
1.73784,8442,8178,8180
1.747019,8401,8178,8182
1.760091,8356,8178,8180
1.76614,8318,8178,8182
1.777575,8283,8178,8180
1.786544,8249,8178,8182
1.794827,8222,8178,8182
1.806027,8198,8178,8182
1.817641,8174,8178,8182
1.829299,8168,8181,8182
1.838356,8163,8181,8182
1.84744,8155,8178,8182
1.855681,8152,8181,8182
1.867002,8147,8181,8182
1.878241,8144,8181,8182
1.887292,8141,8181,8182
1.895837,8139,8181,8180
1.907368,8133,8181,8182
1.918671,8131,8181,8182
1.927803,8125,8183,8182
1.936978,8120,8178,8182
1.947265,8112,8181,8182
1.955775,8103,8181,8182
1.969343,8092,8183,8182
1.975239,8080,8186,8182
1.986409,8069,8188,8182
1.997733,8058,8188,8182
2.006309,8045,8191,8182
2.017952,8034,8191,8180
2.02609,8018,8193,8180
2.037746,8007,8199,8180
2.048854,7983,8201,8182
2.055331,7972,8204,8182
2.067046,7951,8209,8180
2.075915,7932,8212,8180
2.087041,7912,8214,8182
2.096093,7906,8217,8182
2.107859,7889,8222,8182
2.116905,7865,8227,8182
2.127956,7862,8227,8182
2.136676,7840,8227,8182
2.145783,7829,8230,8180
2.154866,7832,8237,8180
2.168976,7815,8242,8180
2.178055,7796,8239,8180
2.18687,7787,8245,8182
2.195961,7760,8250,8182
2.207847,7768,8247,8180
2.216431,7757,8252,8180
2.228205,7752,8252,8180
2.236844,7738,8257,8182
2.248548,7729,8260,8180
2.256296,7726,8255,8182
2.265088,7724,8257,8185
2.276109,7749,8263,8180
2.286076,7721,8263,8180
2.29672,7746,8255,8185
2.308424,7741,8260,8180
2.314599,7724,8263,8182
2.325681,7735,8260,8185
2.337142,7738,8257,8185
2.3461,7726,8252,8177
2.357692,7743,8260,8182
2.366745,7710,8263,8180
2.377976,7721,8260,8182
2.3887,7702,8273,8185
2.397737,7699,8268,8180
2.406516,7679,8268,8182
2.415576,7707,8281,8187
2.427039,7682,8281,8177
2.435569,7649,8276,8180
2.447106,7686,8273,8177
2.455413,7674,8273,8187
2.46637,7676,8268,8185
2.477633,7668,8273,8182
2.486183,7682,8276,8182
2.497507,7668,8270,8185
2.506577,7696,8270,8182
2.518241,7679,8268,8182
2.524713,7702,8278,8185
2.537572,7694,8268,8182
2.546316,7707,8263,8177
2.557592,7713,8268,8174
2.568196,7702,8273,8180
2.574581,7715,8270,8177
2.587969,7721,8257,8174
2.596781,7721,8257,8180
2.608465,7721,8255,8182
2.614951,7733,8255,8180
2.626642,7743,8247,8182
2.6355,7721,8255,8180
2.646601,7738,8257,8182
2.657223,7729,8252,8180
2.666279,7746,8255,8182
2.677951,7743,8255,8180
2.686508,7749,8260,8182
2.694961,7735,8257,8182
2.70641,7729,8260,8180
2.715459,7713,8263,8180
2.727084,7721,8268,8180
2.738089,7710,8265,8174
2.744264,7699,8273,8180
2.757262,7686,8276,8177
2.766553,7699,8273,8182
2.775544,7679,8270,8180
2.786563,7676,8278,8185
2.79513,7679,8270,8185
2.806415,7676,8273,8177
2.8155,7707,8276,8182
2.82722,7707,8268,8180
2.835854,7702,8263,8185
2.846838,7718,8268,8180
2.857937,7710,8263,8185
2.866897,7713,8263,8180
2.875586,7733,8265,8182
2.8842,7733,8270,8182
2.895843,7724,8268,8182
2.90491,7738,8273,8185
2.91668,7741,8268,8182
2.925754,7718,8263,8182
2.937441,7707,8265,8174
2.946528,7721,8268,8182
2.955211,7721,8273,8182
2.966302,7702,8268,8180
2.974627,7705,8268,8180
2.98812,7718,8268,8182
2.994585,7721,8260,8185
3.006269,7718,8263,8182
3.01445,7735,8263,8180
3.025549,7735,8255,8180
3.037197,7743,8255,8182
3.045859,7773,8252,8182
3.054901,7773,8250,8180
3.065727,7791,8250,8182
3.076532,7791,8255,8180
3.083872,7799,8245,8182
3.09387,7809,8247,8180
3.104115,7827,8239,8182
3.115045,7812,8245,8182
3.126171,7820,8237,8180
3.134822,7815,8242,8182
3.146451,7812,8239,8182
3.157635,7835,8239,8182
3.164086,7838,8237,8180
3.175386,7835,8237,8182
3.184595,7835,8230,8182
3.195881,7846,8230,8180
3.204856,7851,8227,8182
3.216495,7865,8232,8182
3.225599,7862,8224,8182
3.237239,7875,8222,8182
3.24628,7893,8222,8182
3.255091,7898,8222,8185
3.265948,7898,8219,8180
3.274586,7893,8219,8180
3.28623,7915,8217,8180
3.293819,7926,8217,8180
3.305411,7942,8217,8180
3.314957,7967,8212,8182
3.324173,7983,8206,8182
3.334805,8009,8201,8180
3.346449,8039,8196,8182
3.355556,8069,8191,8182
3.364147,8103,8188,8182
3.375787,8133,8181,8182
3.384385,8155,8181,8182
3.396051,8174,8178,8180
3.407331,8185,8178,8182
3.416265,8188,8178,8182
3.425289,8219,8183,8185
3.433308,8211,8178,8180
3.444597,8214,8178,8182
3.456303,8219,8178,8182
3.465381,8225,8178,8182
3.474386,8227,8178,8182
3.483416,8235,8178,8182
3.497062,8241,8178,8182
3.503501,8252,8175,8182
3.514171,8265,8175,8182
3.52556,8285,8175,8185
3.53458,8318,8175,8185
3.546176,8358,8175,8187
3.55263,8412,8175,8190
3.563985,8495,8175,8192
3.575603,8605,8175,8198
3.587068,8766,8175,8203
3.593183,8938,8175,8205
3.604784,9125,8175,8203
3.613584,9279,8175,8203
3.625274,9415,8175,8208
3.634053,9529,8175,8210
3.645292,9637,8175,8216
3.654223,9729,8175,8213
3.665635,9818,8175,8218
3.67695,9887,8175,8218
3.683435,9949,8175,8218
3.694935,9996,8175,8218
3.704039,10028,8175,8223
3.714251,10055,8178,8218
3.72551,10076,8175,8218
3.733988,10082,8178,8221
3.745567,10101,8181,8213
3.754591,10104,8178,8221
3.763361,10106,8178,8213
3.771787,10115,8178,8213
3.785646,10115,8178,8210
3.796255,10118,8178,8216
3.802706,10115,8178,8210
3.816096,10115,8178,8216
3.825123,10121,8178,8213
3.836112,10115,8178,8210
3.844237,10130,8178,8205
3.853221,10133,8178,8205
3.861561,10138,8178,8208
3.875637,10154,8178,8200
3.886841,10165,8178,8198
3.893401,10168,8178,8195
3.90512,10180,8178,8195
3.914165,10185,8178,8195
3.923187,10199,8175,8190
3.934156,10201,8175,8187
3.945796,10209,8178,8190
3.95497,10221,8175,8185
3.966704,10229,8175,8187
3.973251,10233,8175,8187
3.984944,10241,8175,8187
3.994051,10247,8175,8187
4.005734,10257,8175,8187
4.014592,10263,8175,8187
4.025721,10263,8175,8187
4.034443,10266,8175,8185
4.043528,10271,8175,8185
4.055233,10276,8175,8185
4.064237,10276,8175,8185
4.073061,10276,8175,8185
4.084001,10279,8175,8185
4.091872,10276,8175,8185
4.101945,10279,8175,8185
4.112609,10276,8175,8185
4.125137,10274,8175,8182
4.133221,10271,8178,8185
4.143611,10271,8178,8185
4.15211,10271,8178,8185
4.163298,10263,8178,8185
4.174905,10257,8178,8182
4.186181,10255,8178,8182
4.19205,10249,8178,8182
4.203167,10247,8178,8185
4.213772,10241,8178,8182
4.222974,10238,8178,8182
4.23467,10236,8175,8185
4.243192,10227,8175,8182
4.254953,10224,8175,8182
4.265437,10221,8175,8185
4.274057,10218,8175,8185
4.285311,10215,8175,8182
4.294477,10209,8175,8182
4.306066,10209,8175,8182
4.315044,10209,8175,8182
4.32412,10199,8175,8185
4.333183,10196,8175,8185
4.345007,10193,8178,8185
4.353038,10188,8178,8182
4.361076,10188,8178,8182
4.372235,10182,8178,8185
4.383536,10180,8178,8185
4.394921,10177,8178,8180
4.403598,10170,8178,8182
4.412396,10170,8178,8182
4.424133,10170,8178,8182
4.435341,10168,8178,8182
4.441728,10165,8178,8182
4.452851,10165,8178,8180
4.464564,10160,8178,8185
4.475969,10157,8178,8185
4.485123,10154,8178,8182
4.491677,10152,8178,8180
4.503134,10146,8178,8185
4.514341,10143,8178,8182
4.52569,10138,8178,8182
4.532337,10135,8178,8182
4.544056,10133,8178,8185
4.552751,10126,8178,8185
4.560975,10115,8178,8182
4.572515,10112,8178,8182
4.584256,10109,8178,8182
4.592937,10106,8178,8185
4.604691,10095,8178,8182
4.610729,10090,8178,8182
4.622457,10082,8178,8182
4.631594,10082,8178,8182
4.643203,10076,8178,8182
4.654892,10068,8175,8182
4.663176,10063,8175,8185
4.672332,10060,8175,8185
4.683209,10057,8175,8182
4.692275,10060,8175,8185
4.703847,10052,8175,8185
4.712564,10049,8175,8182
4.724364,10047,8175,8185
4.733196,10044,8175,8182
4.744878,10044,8175,8185
4.753939,10041,8175,8182
4.765414,10039,8175,8185
4.771789,10041,8175,8180
4.786136,10039,8175,8182
4.792298,10039,8175,8182
4.802827,10039,8175,8182
4.811839,10039,8175,8185
4.82352,10031,8175,8182
4.832601,10035,8175,8185
4.844297,10039,8175,8185
4.853348,10035,8175,8187
4.865044,10031,8178,8185
4.871584,10031,8181,8182
4.882403,10028,8178,8182
4.893687,10028,8178,8182
4.902647,10023,8178,8182
4.914183,10020,8178,8182
4.922625,10020,8178,8182
4.933344,10012,8181,8185
4.944254,10015,8178,8185
4.954609,10009,8178,8180
4.962668,10004,8178,8185
4.9742,10007,8178,8182
4.982367,10004,8178,8185
4.99102,10007,8178,8185
5.001198,10001,8178,8187
5.013505,10001,8178,8182
5.023953,10001,8178,8185
5.034499,9999,8178,8185
5.04083,9996,8178,8180
5.052286,9993,8178,8182
5.063694,9993,8178,8185
5.07445,9990,8178,8182
5.080354,9988,8178,8182
5.091929,9985,8178,8185
5.102333,9980,8178,8185
5.113553,9977,8178,8185
5.124601,9973,8178,8185
5.131049,9965,8178,8182
5.142269,9965,8178,8185
5.153548,9962,8178,8180
5.161787,9957,8178,8185
5.170814,9952,8178,8182
5.179463,9954,8178,8182
5.193076,9949,8178,8182
5.204517,9943,8178,8182
5.210907,9937,8178,8182
5.222569,9934,8178,8182
5.231262,9926,8178,8182
5.242415,9923,8178,8182
5.25346,9921,8178,8182
5.262555,9912,8178,8182
5.273217,9909,8178,8182
5.281945,9904,8178,8185
5.294112,9895,8178,8182
5.300035,9890,8178,8182
5.31166,9890,8178,8182
5.323091,9876,8178,8182
5.334293,9874,8178,8182
5.340772,9866,8178,8180
5.352387,9860,8178,8182
5.361492,9855,8178,8182
5.372819,9847,8178,8182
5.383314,9845,8175,8182
5.392025,9847,8175,8182
5.403216,9837,8175,8182
5.414409,9837,8178,8180
5.423043,9831,8175,8182
5.432118,9826,8175,8182
5.441281,9826,8175,8180
5.45292,9823,8175,8182
5.461766,9823,8175,8180
5.472662,9826,8175,8177
5.4807,9820,8175,8180
5.491928,9823,8178,8182
5.502724,9818,8178,8182
5.510661,9815,8178,8182
5.521461,9815,8178,8180
5.529355,9812,8178,8182
5.541035,9812,8178,8185
5.55165,9812,8178,8182
5.561714,9809,8178,8182
5.573004,9807,8178,8182
5.581759,9809,8178,8182
5.593445,9804,8178,8182
5.599927,9804,8178,8182
5.613345,9801,8178,8182
5.622145,9799,8178,8182
5.633632,9801,8178,8180
5.639773,9796,8178,8182
5.653512,9793,8178,8182
5.659995,9796,8178,8180
5.67158,9788,8178,8180
5.680676,9785,8178,8182
5.689742,9782,8178,8182
5.703877,9780,8178,8182
5.712908,9780,8178,8185
5.721917,9777,8178,8180
5.730971,9771,8178,8182
5.742225,9765,8178,8182
5.750315,9762,8178,8182
5.761476,9762,8178,8182
5.773378,9760,8178,8180
5.78169,9748,8178,8180
5.792194,9737,8178,8182
5.8006,9740,8175,8180
5.812287,9710,8175,8180
5.822861,9706,8175,8182
5.833462,9701,8175,8182
5.842201,9695,8178,8182
5.850685,9693,8175,8182
5.859524,9687,8175,8182
5.871029,9685,8175,8182
5.882351,9677,8175,8182
5.89104,9671,8175,8180
5.902593,9662,8175,8180
5.913158,9648,8178,8182
5.922115,9634,8178,8182
5.929913,9615,8178,8182
5.940911,9596,8178,8182
5.950742,9567,8178,8182
5.961689,9537,8178,8182
5.973118,9494,8178,8182
5.979257,9451,8178,8182
5.989619,9396,8178,8182
6.000681,9337,8181,8180
6.009428,9279,8175,8182
6.020988,9221,8175,8182
6.032009,9160,8178,8182
6.04058,9101,8175,8182
6.052226,9035,8175,8182
6.063184,8977,8173,8180
6.071763,8918,8175,8182
6.080172,8866,8175,8180
6.091811,8813,8178,8182
6.100922,8769,8175,8182
6.112558,8730,8175,8182
6.121601,8694,8178,8182
6.132856,8664,8178,8182
6.141902,8639,8178,8182
6.150964,8616,8178,8182
6.160004,8594,8178,8182
6.168405,8578,8178,8180
6.179236,8570,8178,8182
6.192515,8565,8178,8182
6.201619,8558,8178,8182
6.212743,8556,8178,8182
6.221802,8541,8178,8180
6.230814,8525,8178,8180
6.239777,8509,8178,8182
6.25266,8484,8178,8180
6.261695,8455,8178,8182
6.273446,8425,8175,8180
6.279449,8398,8181,8182
6.289682,8361,8178,8182
6.30093,8326,8178,8180
6.312319,8299,8178,8180
6.318579,8273,8178,8180
6.330107,8249,8178,8180
6.341618,8219,8178,8180
6.350136,8182,8178,8180
6.36159,8166,8181,8180
6.370444,8155,8181,8180
6.379608,8128,8183,8180
6.392293,8106,8186,8180
6.401278,8077,8188,8180
6.409796,8064,8191,8180
6.42075,8039,8193,8182
6.429801,8015,8199,8180
6.440711,7988,8201,8182
6.451405,7961,8204,8180
6.459005,7932,8212,8182
6.469571,7915,8219,8182
6.479853,7875,8222,8182
6.490781,7829,8232,8182
6.499472,7801,8239,8182
6.510353,7784,8242,8182
6.521952,7765,8250,8187
6.528454,7749,8252,8182
6.541843,7733,8255,8177
6.550851,7735,8255,8177
6.562498,7743,8268,8182
6.568291,7710,8263,8182
6.579611,7729,8257,8177
6.59108,7726,8263,8182
6.599746,7718,8250,8180
6.611308,7738,8255,8172
6.620349,7754,8260,8180
6.629416,7749,8257,8182
6.640933,7741,8255,8185
6.652485,7757,8255,8180
6.658748,7765,8255,8182
6.669729,7749,8250,8185
6.680564,7768,8250,8180
6.689401,7779,8250,8177
6.701077,7793,8245,8185
6.709702,7762,8250,8182
6.720766,7787,8245,8182
6.732228,7799,8250,8180
6.741351,7781,8245,8182
6.750395,7779,8245,8177
6.759169,7796,8237,8180
6.770836,7809,8242,8180
6.780949,7793,8239,8182
6.789495,7804,8239,8180
6.799947,7818,8242,8180
6.811091,7812,8242,8180
6.819959,7818,8239,8180
6.83166,7832,8237,8180
6.837215,7829,8239,8182
6.850172,7843,8237,8182
6.861415,7827,8232,8180
6.869525,7838,8230,8182
6.880678,7843,8232,8182
6.891966,7851,8224,8182
6.900971,7846,8227,8182
6.91241,7851,8227,8182
6.918958,7865,8227,8182
6.930685,7859,8230,8182
6.939731,7873,8222,8182
6.949775,7867,8224,8182
6.961214,7884,8222,8182
6.97026,7884,8219,8182
6.98192,7886,8222,8182
6.988388,7886,8224,8180
6.999678,7893,8224,8180
7.008378,7886,8222,8182
7.019611,7893,8222,8180
7.02849,7893,8219,8182
7.042363,7901,8219,8180
7.048825,7901,8219,8182
7.060507,7895,8224,8182
7.069578,7909,8224,8180
7.080873,7909,8219,8182
7.089423,7906,8222,8182
7.098485,7915,8222,8182
7.110118,7926,8219,8182
7.119163,7915,8219,8182
7.130843,7929,8219,8182
7.139681,7929,8219,8180
7.151324,7934,8214,8180
7.160367,7929,8212,8182
7.168922,7948,8212,8182
7.17797,7953,8212,8180
7.191825,7953,8209,8182
7.198314,7967,8209,8180
7.211608,7972,8209,8182
7.218076,7964,8206,8180
7.229719,7986,8206,8182
7.238813,7983,8206,8182
7.250546,8012,8201,8182
7.259613,8034,8199,8182
7.271319,8055,8193,8180
7.281681,8083,8191,8182
7.290257,8109,8186,8182
7.296425,8128,8183,8182
7.308009,8152,8181,8182
7.321482,8171,8178,8182
7.330513,8185,8178,8182
7.341878,8195,8178,8182
7.347937,8244,8196,8182
7.356639,8233,8178,8185
7.368245,8233,8181,8182
7.379336,8252,8181,8185
7.388394,8268,8181,8185
7.399631,8288,8181,8185
7.408742,8318,8181,8187
7.420116,8358,8181,8187
7.429171,8404,8181,8190
7.440636,8471,8181,8190
7.448858,8556,8181,8190
7.457888,8667,8181,8192
7.46954,8785,8181,8192
7.478216,8949,8178,8198
7.489783,9122,8178,8200
7.498849,9282,8178,8205
7.510482,9418,8178,8205
7.519539,9515,8178,8208
7.531182,9615,8178,8213
7.540233,9724,8178,8218
7.551283,9804,8178,8218
7.55775,9876,8178,8221
7.568731,9929,8178,8218
7.579432,9973,8175,8218
7.588483,10004,8175,8210
7.599894,10028,8175,8218
7.608071,10049,8175,8218
7.619694,10071,8175,8218
7.631138,10098,8175,8218
7.637604,10109,8175,8218
7.64931,10121,8175,8218
7.658403,10135,8175,8218
7.670065,10143,8175,8223
7.679096,10149,8175,8221
7.688133,10162,8178,8221
7.696932,10162,8178,8216
7.708566,10165,8178,8216
7.719824,10182,8178,8218
7.730419,10190,8178,8216
7.739514,10207,8178,8210
7.750755,10238,8178,8203
7.759794,10252,8178,8205
7.768874,10263,8178,8205
7.777955,10282,8178,8200
7.788822,10298,8178,8198
7.797506,10327,8178,8195
7.808977,10343,8178,8195
7.818054,10369,8178,8198
7.829736,10390,8178,8195
7.838274,10413,8178,8192
7.849699,10441,8178,8192
7.858289,10460,8178,8195
7.86717,10484,8178,8190
7.881083,10514,8178,8190
7.890125,10535,8178,8192
7.899042,10561,8178,8187
7.908057,10580,8178,8187
7.919692,10597,8178,8187
7.928413,10614,8178,8187
7.937482,10628,8178,8190
7.948254,10649,8178,8187
7.957286,10668,8178,8187
7.968227,10684,8175,8185
7.977216,10697,8178,8187
7.988525,10705,8178,8185
7.999891,10719,8175,8185
8.00885,10725,8175,8187
8.020518,10733,8175,8187
8.026993,10744,8175,8185
8.038673,10747,8175,8185
8.047791,10752,8175,8185
8.058992,10758,8175,8185
8.067141,10758,8175,8187
8.078307,10769,8175,8185
8.089097,10769,8175,8185
8.097462,10771,8175,8185
8.108831,10776,8175,8185
8.120199,10779,8175,8187
8.128779,10779,8175,8187
8.140025,10781,8175,8185
8.14826,10779,8175,8187
8.157377,10771,8175,8182
8.169004,10771,8175,8182
8.179554,10763,8175,8182
8.187719,10758,8175,8185
8.19894,10755,8175,8180
8.210299,10747,8178,8180
8.219356,10739,8178,8182
8.230755,10728,8178,8180
8.237233,10719,8178,8182
8.248901,10711,8178,8182
8.257841,10703,8178,8182
8.269231,10700,8178,8185
8.278247,10692,8178,8185
8.287353,10689,8178,8187
8.298518,10686,8178,8185
8.307087,10684,8178,8185
8.318394,10680,8178,8185
8.327332,10677,8178,8185
8.338514,10675,8178,8187
8.347618,10675,8178,8185
8.35899,10668,8178,8185
8.368056,10660,8178,8187
8.379656,10665,8178,8185
8.388715,10657,8178,8182
8.400364,10655,8178,8185
8.406802,10652,8178,8180
8.418503,10644,8178,8187
8.427542,10641,8178,8185
8.438788,10628,8178,8187
8.447933,10625,8178,8182
8.459216,10617,8178,8187
8.468379,10614,8175,8185
8.479545,10611,8178,8182
8.488693,10606,8178,8182
8.499856,10600,8178,8182
8.508768,10594,8178,8182
8.519504,10591,8178,8187
8.530054,10588,8178,8182
8.536507,10585,8178,8182
8.547434,10577,8178,8187
8.55887,10577,8178,8185
8.56775,10574,8181,8182
8.579424,10571,8178,8185
8.588544,10571,8178,8182
8.597324,10563,8178,8185
8.608987,10563,8178,8182
8.620441,10558,8178,8185
8.6267,10550,8178,8182
8.638371,10541,8178,8187
8.647424,10538,8178,8185
8.659059,10532,8178,8185
8.668162,10541,8178,8182
8.679661,10532,8178,8182
8.686117,10532,8178,8185
8.699832,10527,8181,8185
8.706347,10524,8178,8182
8.718034,10522,8178,8182
8.727119,10522,8178,8182
8.738715,10516,8178,8182
8.747795,10516,8178,8187
8.759035,10511,8178,8185
8.765497,10505,8178,8187
8.779631,10500,8178,8185
8.788877,10494,8178,8185
8.797109,10496,8178,8185
8.805924,10487,8178,8185
8.817047,10484,8178,8185
8.828257,10482,8178,8182
8.837309,10479,8175,8185
8.848939,10476,8175,8182
8.857988,10468,8178,8182
8.869682,10471,8175,8182
8.875929,10468,8175,8185
8.886868,10471,8175,8182
8.895922,10468,8175,8182
8.906667,10468,8175,8182
8.917023,10468,8175,8185
8.92615,10466,8175,8185
8.937808,10468,8175,8185
8.946859,10468,8178,8185
8.958515,10463,8178,8182
8.967563,10463,8178,8182
8.979221,10460,8178,8182
8.988265,10457,8178,8182
8.997106,10452,8178,8182
9.006155,10449,8178,8185
9.017809,10447,8178,8182
9.029204,10441,8178,8182
9.03826,10441,8178,8182
9.047156,10438,8178,8185
9.056268,10436,8178,8182
9.067784,10436,8178,8185
9.076572,10436,8178,8185
9.088215,10433,8178,8185
9.097382,10433,8178,8185
9.106425,10436,8178,8182
9.115393,10438,8178,8182
9.129473,10441,8178,8180
9.135958,10441,8178,8182
9.147228,10447,8178,8185
9.155965,10441,8175,8185
9.169417,10441,8175,8185
9.175651,10441,8175,8185
9.187291,10438,8175,8185
9.196231,10438,8175,8185
9.207899,10436,8175,8182
9.217123,10433,8175,8185
9.228395,10430,8175,8182
9.237436,10428,8175,8185
9.249091,10422,8175,8185
9.255291,10416,8181,8185
9.266952,10410,8181,8185
9.275661,10408,8181,8185
9.287003,10399,8181,8182
9.296623,10393,8181,8185
9.307417,10388,8181,8185
9.316028,10385,8181,8185
9.327384,10374,8181,8182
9.338682,10363,8181,8185
9.345181,10360,8181,8185
9.354213,10360,8181,8182
9.365864,10360,8175,8182
9.377316,10351,8175,8182
9.386351,10349,8175,8182
9.397522,10343,8175,8182
9.408216,10338,8175,8185
9.417266,10338,8175,8185
9.428981,10333,8175,8185
9.435438,10333,8175,8185
9.4463,10333,8175,8185
9.456793,10324,8175,8185
9.46582,10322,8175,8185
9.477468,10324,8175,8182
9.486259,10324,8175,8185
9.497533,10322,8175,8182
9.506058,10319,8175,8185
9.514708,10319,8175,8185
9.525948,10314,8175,8185
9.534995,10314,8175,8185
9.546215,10310,8175,8185
9.556767,10314,8175,8182
9.565677,10310,8175,8182
9.577012,10307,8175,8182
9.586079,10303,8175,8182
9.597571,10303,8175,8185
9.606461,10301,8175,8182
9.618157,10301,8175,8185
9.627206,10298,8175,8185
9.638789,10298,8175,8182
9.64528,10295,8175,8187
9.656928,10295,8175,8185
9.665843,10290,8178,8185
9.677507,10290,8175,8182
9.686554,10290,8175,8182
9.697824,10282,8175,8185
9.706658,10282,8175,8185
9.718306,10276,8175,8182
9.724591,10279,8175,8185
9.736316,10274,8175,8185
9.746885,10271,8175,8180
9.755824,10274,8175,8185
9.767509,10271,8175,8185
9.776552,10263,8181,8182
9.785735,10268,8178,8185
9.795016,10263,8178,8182
9.806072,10260,8178,8182
9.814726,10260,8178,8185
9.825348,10257,8178,8185
9.836403,10255,8178,8182
9.844444,10252,8178,8182
9.855888,10249,8178,8185
9.864986,10252,8178,8185
9.876465,10244,8181,8185
9.885537,10241,8178,8187
9.897233,10241,8178,8182
9.906392,10241,8178,8182
9.91506,10236,8178,8185
9.926228,10238,8178,8185
9.934145,10236,8178,8182
9.947008,10236,8178,8185
9.955309,10238,8178,8182
9.965979,10229,8178,8185
9.976631,10229,8178,8185
9.982213,10229,8178,8185
9.995203,10229,8178,8182
10.005952,10227,8181,8182
10.016438,10227,8178,8182
10.026606,10227,8178,8182
10.034356,10227,8178,8185
10.046742,10224,8178,8182
10.056913,10224,8178,8185
10.06727,10227,8178,8182
10.072742,10224,8178,8182
10.083947,10224,8178,8185
10.094967,10212,8175,8180
10.107273,10212,8175,8185
10.115969,10207,8175,8182
10.124282,10201,8175,8185
10.13509,10201,8175,8185
10.148013,10199,8175,8182
10.154473,10193,8175,8187
10.166167,10193,8175,8185
10.17505,10188,8175,8187
10.186815,10190,8175,8185
10.19594,10188,8178,8185
10.206556,10182,8181,8185
10.215661,10180,8178,8185
10.227012,10177,8178,8185
10.235828,10177,8178,8182
10.244713,10168,8178,8185
10.253338,10168,8178,8185
10.264794,10165,8178,8182
10.277701,10160,8178,8182
10.284043,10162,8178,8182
10.295576,10157,8178,8185
10.307535,10157,8175,8182
10.316569,10154,8175,8185
10.325066,10152,8175,8185
10.334374,10146,8175,8182
10.346001,10141,8175,8185
10.356652,10141,8178,8185
10.363083,10141,8175,8185
10.374627,10141,8175,8182
10.383655,10138,8175,8187
10.397266,10138,8175,8182
10.403333,10135,8178,8182
10.413576,10133,8175,8182
10.424673,10133,8175,8182
10.436265,10126,8175,8182
10.447268,10123,8175,8182
10.453695,10118,8175,8182
10.465332,10112,8175,8182
10.473911,10115,8175,8182
10.485594,10104,8175,8182
10.493666,10104,8175,8185
10.504729,10101,8175,8185
10.515442,10098,8175,8185
10.524394,10095,8175,8180
10.535853,10095,8175,8185
10.544881,10093,8175,8185
10.556405,10087,8175,8182
10.564972,10087,8175,8182
10.576631,10082,8175,8185
10.583132,10079,8175,8182
10.596931,10079,8175,8182
10.605027,10074,8175,8182
10.616214,10071,8178,8182
10.625082,10074,8178,8182
10.634078,10074,8178,8185
10.644694,10068,8181,8185
10.655762,10066,8178,8185
10.664666,10068,8178,8185
10.675929,10066,8178,8182
10.68499,10066,8178,8182
10.695903,10063,8178,8185
10.704681,10063,8181,8182
10.713201,10063,8178,8182
10.724351,10063,8178,8182
10.735971,10063,8178,8185
10.747119,10057,8178,8185
10.753557,10049,8178,8182
10.765172,10052,8178,8182
10.774181,10047,8178,8185
10.785764,10049,8178,8185
10.796054,10044,8178,8182
10.805287,10041,8178,8185
10.816311,10041,8178,8185
10.825241,10035,8178,8182
10.83371,10035,8178,8182
10.842387,10035,8178,8182
10.856193,10028,8178,8182
10.8644,10028,8178,8182
10.87571,10023,8178,8182
10.884468,10020,8178,8182
10.895018,10018,8178,8185
10.904021,10015,8178,8185
10.915536,10015,8178,8185
10.924559,10012,8178,8182
10.936257,10012,8175,8182
10.945213,10009,8175,8182
10.956528,10009,8175,8185
10.962945,10007,8175,8182
10.974428,10007,8175,8182
10.982899,10007,8175,8182
10.994133,9999,8175,8185
11.002296,9999,8175,8182
11.015867,9996,8175,8182
11.024437,9993,8175,8182
11.03611,9996,8178,8182
11.046731,9993,8178,8185
11.05318,9990,8178,8185
11.064498,9993,8178,8185
11.073144,9993,8178,8185
11.084813,9993,8178,8185
11.093271,9990,8178,8182
11.102331,9990,8178,8182
11.116171,9990,8178,8182
11.125317,9990,8178,8185
11.133905,9990,8178,8187
11.142065,9993,8178,8185
11.153421,9996,8178,8182
11.164387,10001,8178,8185
11.173094,10001,8178,8182
11.184711,10004,8178,8187
11.192895,10007,8178,8182
11.204539,10009,8178,8182
11.213699,10007,8178,8185
11.222798,10007,8178,8185
11.234426,10007,8178,8185
11.243503,10001,8178,8182
11.255128,9999,8178,8187
11.264191,9999,8178,8182
11.275517,9993,8178,8185
11.284449,9996,8178,8185
11.296306,9993,8178,8182
11.301527,9990,8178,8185
11.313087,9990,8178,8182
11.324818,9988,8178,8185
11.335882,9990,8178,8185
11.344836,9990,8178,8185
11.353874,9985,8175,8185
11.362921,9982,8175,8182
11.37457,9980,8175,8182
11.383408,9977,8175,8182
11.392207,9968,8175,8182
11.403313,9968,8175,8182
11.414503,9965,8175,8182
11.425761,9962,8175,8182
11.432191,9960,8175,8182
11.443829,9954,8175,8182
11.452859,9952,8178,8182
11.464219,9949,8178,8182
11.473152,9949,8178,8182
11.484795,9949,8178,8182
11.493802,9949,8178,8185
11.505338,9952,8178,8182
11.511802,9949,8178,8185
11.52281,9949,8181,8185
11.531763,9946,8178,8185
11.545819,9943,8178,8182
11.554858,9943,8178,8182
11.56352,9940,8175,8185
11.572605,9940,8175,8185
11.584305,9940,8175,8185
11.593333,9934,8175,8185
11.604832,9940,8175,8182
11.611289,9937,8175,8185
11.625595,9934,8175,8185
11.634659,9937,8175,8182
11.643562,9934,8175,8182
11.652397,9937,8175,8182
11.664029,9937,8175,8182
11.673037,9937,8175,8185
11.684551,9934,8175,8185
11.693676,9937,8175,8185
11.70274,9943,8175,8182
11.714265,9937,8175,8182
11.723202,9934,8175,8185
11.732182,9932,8175,8185
11.743532,9932,8175,8182
11.752524,9923,8175,8182
11.764145,9918,8178,8182
11.773248,9918,8178,8185
11.784855,9912,8178,8180
11.79378,9909,8178,8182
11.805063,9906,8178,8182
11.813999,9906,8178,8182
11.822947,9901,8178,8185
11.831889,9898,8178,8182
11.842708,9895,8178,8185
11.854372,9893,8178,8182
11.863011,9887,8178,8185
11.874355,9890,8178,8185
11.88337,9887,8178,8182
11.894984,9882,8178,8182
11.901425,9876,8178,8180
11.912489,9882,8178,8185
11.924085,9879,8178,8182
11.935276,9874,8178,8185
11.94169,9868,8178,8182
11.95331,9871,8181,8185
11.962101,9868,8178,8182
11.973723,9860,8178,8182
11.982727,9860,8178,8182
11.994346,9852,8178,8185
12.003369,9855,8178,8182
12.014995,9847,8178,8182
12.024115,9845,8178,8185
12.033123,9842,8178,8182
12.041977,9842,8178,8182
12.053566,9842,8178,8180
12.062452,9842,8178,8182
12.074098,9839,8178,8182
12.083118,9839,8175,8182
12.092136,9837,8175,8182
12.103694,9837,8175,8185
12.112687,9834,8175,8182
12.121418,9834,8178,8182
12.132846,9831,8175,8182
12.144065,9828,8175,8182
12.152275,9828,8175,8182
12.161262,9826,8175,8185
12.172918,9823,8175,8182
12.181984,9823,8178,8185
12.193584,9820,8178,8185
12.199999,9820,8178,8182
12.213947,9820,8178,8182
12.222979,9823,8178,8182
12.234358,9823,8178,8182
12.24078,9818,8178,8182
12.25192,9820,8178,8182
12.263459,9818,8178,8182
12.272472,9815,8178,8185
12.283621,9818,8178,8182
12.292377,9812,8175,8185
12.303868,9812,8175,8182
12.312782,9807,8175,8185
12.323636,9809,8175,8182
12.332686,9809,8175,8182
12.34144,9807,8175,8182
12.352917,9807,8178,8182
12.36419,9807,8178,8182
12.370586,9807,8175,8182
12.381814,9807,8175,8182
12.393399,9807,8175,8182
12.401878,9804,8175,8182
12.413529,9807,8175,8180
12.42256,9804,8175,8182
12.434182,9801,8175,8182
12.443249,9801,8178,8182
12.454695,9801,8175,8182
12.461182,9801,8175,8182
12.47284,9801,8175,8177
12.481504,9801,8175,8182
12.492941,9801,8175,8182
12.499368,9801,8178,8182
12.513573,9799,8178,8182
12.524418,9799,8178,8185
12.533008,9793,8178,8182
12.542036,9793,8178,8180
12.551053,9791,8178,8182
12.562669,9788,8178,8182
12.573175,9788,8178,8182
12.579592,9782,8178,8182
12.590836,9777,8178,8182
12.60406,9782,8178,8180
12.613062,9771,8178,8182
12.624249,9771,8178,8182
12.630643,9768,8178,8182
12.63967,9765,8178,8180
12.651272,9768,8178,8182
12.662765,9765,8178,8182
12.671771,9760,8178,8182
12.683527,9756,8178,8180
12.68979,9756,8178,8180
12.700975,9753,8178,8180
12.71201,9753,8175,8182
12.721016,9753,8175,8182
12.732616,9751,8175,8182
12.741609,9748,8175,8180
12.753245,9748,8175,8182
12.761928,9745,8175,8185
12.773173,9742,8175,8185
12.781919,9740,8175,8182
12.793489,9748,8175,8185
12.804695,9732,8175,8180
12.810324,9732,8178,8182
12.823409,9732,8178,8182
12.832313,9729,8178,8182
12.84069,9726,8178,8180
12.851807,9724,8178,8180
12.863298,9724,8178,8182
12.872334,9718,8178,8185
12.880913,9718,8178,8182
12.889794,9713,8178,8182
12.90123,9710,8178,8180
12.912769,9710,8178,8180
12.921796,9706,8178,8182
12.933219,9704,8178,8180
12.939655,9701,8178,8182
12.953466,9698,8178,8180
12.96248,9698,8178,8182
12.971484,9695,8178,8182
12.980517,9693,8178,8182
12.992045,9695,8178,8182
13.000698,9690,8178,8182
13.011823,9690,8178,8180
13.02311,9690,8178,8182
13.032126,9687,8178,8182
13.043588,9685,8178,8182
13.050075,9685,8178,8182
13.061671,9679,8178,8182
13.070691,9679,8175,8185
13.082321,9679,8178,8185
13.091342,9677,8178,8182
13.100334,9674,8178,8185
13.109341,9677,8178,8182
13.123322,9671,8178,8185
13.132327,9674,8178,8185
13.14063,9671,8178,8185
13.152179,9674,8178,8182
13.160396,9671,8178,8182
13.171974,9668,8178,8182
13.180963,9671,8178,8182
13.18959,9668,8178,8182
13.200903,9668,8178,8182
13.209912,9671,8178,8182
13.221426,9671,8178,8182
13.230331,9668,8178,8185
13.241448,9666,8178,8185
13.250454,9668,8178,8182
13.262059,9668,8178,8185
13.271084,9662,8178,8185
13.282689,9659,8175,8185
13.291781,9659,8178,8185
13.303183,9659,8178,8182
13.309244,9659,8178,8182
13.318893,9654,8178,8182
13.328823,9654,8178,8185
13.339751,9654,8178,8185
13.351323,9648,8178,8182
13.362769,9651,8178,8182
13.369208,9648,8178,8182
13.383019,9648,8178,8182
13.391046,9648,8178,8182
13.399932,9643,8178,8185
13.411566,9643,8178,8182
13.42006,9648,8178,8180
13.43089,9646,8178,8182
13.441428,9646,8178,8182
13.450154,9646,8178,8182
13.461525,9648,8178,8180
13.470531,9643,8178,8182
13.482168,9648,8178,8185
13.48859,9646,8175,8185
13.502752,9646,8178,8182
13.511628,9648,8178,8180
13.519905,9646,8178,8182
13.531203,9643,8178,8182
13.542431,9648,8178,8182
13.551453,9646,8178,8182
13.560518,9639,8178,8182
13.569534,9637,8178,8182
13.580945,9637,8178,8182
13.589937,9634,8178,8182
13.601428,9634,8178,8182
13.610449,9634,8178,8185
13.622034,9631,8178,8182
13.631073,9626,8178,8182
13.642379,9626,8178,8182
13.648815,9623,8178,8182
13.659975,9620,8178,8185
13.671045,9626,8178,8182
13.68009,9620,8178,8185
13.691261,9615,8178,8185
13.701959,9615,8175,8182
13.710966,9615,8178,8180
13.722541,9612,8178,8182
13.731583,9610,8178,8182
13.740619,9604,8178,8187
13.749637,9610,8178,8182
13.761186,9607,8178,8185
13.769919,9604,8178,8185
13.781154,9601,8178,8182
13.791749,9599,8178,8185
13.800755,9596,8178,8182
13.810434,9593,8178,8185
13.818973,9593,8178,8182
13.829472,9593,8178,8182
13.839837,9591,8178,8182
13.851363,9593,8178,8182
13.860386,9593,8175,8180
13.86915,9591,8175,8185
13.880776,9591,8175,8182
13.889776,9591,8175,8182
13.901414,9593,8175,8182
13.907863,9588,8173,8182
13.921945,9585,8175,8182
13.930993,9582,8175,8182
13.942531,9588,8175,8185
13.949013,9582,8175,8185
13.960643,9580,8175,8182
13.969652,9582,8178,8182
13.981035,9580,8178,8185
13.989716,9580,8178,8185
13.99873,9577,8178,8182
14.010347,9574,8178,8182
14.018996,9577,8178,8182
14.030519,9574,8178,8182
14.039376,9567,8178,8182
14.050917,9570,8178,8180
14.059105,9564,8178,8182
14.068027,9561,8178,8182
14.079331,9561,8178,8182
14.090049,9559,8178,8185
14.099048,9556,8178,8182
14.110678,9559,8178,8182
14.117111,9556,8178,8182
14.128744,9556,8178,8185
14.137762,9551,8178,8182
14.149384,9548,8178,8182
14.157831,9548,8178,8182
14.169434,9543,8178,8182
14.180955,9540,8178,8182
14.189169,9537,8178,8182
14.198226,9532,8178,8182
14.209279,9532,8178,8182
14.218289,9526,8178,8182
14.229447,9524,8178,8182
14.239996,9518,8178,8182
14.251318,9518,8178,8180
14.260329,9515,8175,8180
14.271791,9513,8178,8180
14.28087,9510,8178,8180
14.289819,9513,8178,8182
14.298824,9507,8178,8182
14.311662,9507,8178,8182
14.318094,9505,8178,8182
14.329631,9502,8178,8182
14.338177,9502,8178,8185
14.348703,9499,8178,8180
14.360295,9502,8178,8182
14.371869,9499,8178,8182
14.378324,9499,8178,8182
14.389862,9499,8178,8182
14.400689,9497,8178,8180
14.408871,9499,8178,8182
14.417883,9497,8178,8182
14.428746,9499,8178,8182
14.439886,9490,8178,8185
14.44864,9497,8178,8182
14.460247,9494,8178,8180
14.469267,9494,8178,8180
14.480869,9487,8178,8180
14.489867,9490,8178,8182
14.498879,9487,8178,8182
14.507883,9485,8178,8182
14.518577,9485,8178,8185
14.528663,9478,8178,8182
14.537462,9478,8178,8182
14.54911,9478,8178,8182
14.558123,9478,8178,8180
14.569704,9473,8178,8182
14.577886,9470,8178,8185
14.589515,9467,8178,8182
14.600878,9467,8178,8182
14.609888,9467,8178,8182
14.621434,9467,8178,8182
14.627837,9465,8178,8182
14.639533,9467,8178,8182
14.648047,9462,8178,8185
14.659455,9462,8178,8182
14.668522,9462,8178,8182
14.680149,9465,8178,8182
14.688744,9459,8178,8185
14.699987,9459,8178,8185
14.711236,9459,8178,8185
14.717685,9457,8178,8182
14.728459,9457,8178,8180
14.739983,9454,8178,8182
14.74881,9457,8178,8185
14.76039,9454,8178,8180
14.768891,9451,8178,8182
14.780514,9448,8178,8182
14.789629,9448,8178,8182
14.798684,9448,8175,8185
14.807327,9446,8175,8185
14.818194,9443,8175,8185
14.829227,9446,8175,8187
14.837621,9440,8175,8182
14.8479,9443,8175,8182
14.859576,9440,8175,8182
14.870868,9440,8175,8185
14.877314,9440,8175,8182
14.888927,9438,8175,8182
14.896616,9432,8175,8182
14.907874,9432,8178,8182
14.919514,9432,8178,8182
14.930098,9432,8178,8182
14.936516,9432,8178,8185
14.947615,9430,8178,8185
14.960927,9427,8178,8182
14.96739,9430,8178,8182
14.979011,9432,8178,8182
14.989939,9427,8178,8182
14.998536,9424,8178,8185
15.009332,9427,8178,8182
15.01835,9430,8178,8180
15.029967,9424,8178,8182
15.038975,9424,8178,8185
15.04998,9427,8178,8182
15.056465,9424,8178,8182
15.069812,9424,8178,8182
15.079137,9415,8178,8182
15.090748,9420,8178,8182
15.097162,9415,8178,8182
15.10875,9410,8178,8182
15.116941,9407,8178,8182
15.128177,9407,8178,8182
15.139847,9407,8178,8185
15.148872,9401,8178,8182
15.160377,9396,8178,8185
15.169385,9399,8178,8182
15.180727,9399,8178,8180
15.186924,9401,8178,8185
15.197701,9399,8178,8182
15.206479,9396,8178,8182
15.220697,9399,8178,8185
15.227113,9399,8178,8182
15.238423,9396,8178,8185
15.247116,9396,8178,8182
15.258894,9399,8178,8182
15.267894,9396,8178,8182
15.279493,9399,8178,8182
15.288501,9399,8178,8182
15.300233,9393,8178,8182
15.306532,9393,8178,8182
15.31821,9399,8178,8182
15.327015,9393,8175,8182
15.338531,9393,8175,8182
15.34751,9393,8175,8182
15.358897,9387,8175,8182
15.367925,9391,8175,8185
15.379548,9384,8175,8182
15.38856,9381,8175,8182
15.394986,9381,8175,8182
15.406486,9379,8175,8182
15.420044,9376,8175,8180
15.429097,9376,8181,8182
15.438084,9373,8181,8182
15.447094,9373,8181,8185
15.458742,9373,8181,8182
15.4676,9368,8178,8182
15.479242,9368,8181,8182
15.488267,9368,8181,8182
15.499833,9365,8181,8185
15.508843,9368,8181,8182
15.52041,9365,8181,8185
15.526915,9363,8181,8185
15.538538,9365,8178,8185
15.546856,9363,8178,8182
15.558438,9363,8178,8182
15.566484,9363,8178,8182
15.577825,9363,8178,8185
15.586854,9363,8178,8185
15.598489,9363,8178,8185
15.6075,9363,8178,8182
15.619078,9360,8178,8182
15.628127,9360,8178,8180
15.639837,9357,8175,8180
15.648852,9354,8175,8180
15.656679,9354,8175,8182
15.668319,9352,8175,8182
15.677119,9348,8175,8182
15.688235,9343,8175,8182
15.696495,9340,8175,8182
15.708087,9340,8175,8182
15.719655,9340,8175,8185
15.728323,9340,8175,8182
15.736887,9340,8175,8182
15.745882,9334,8178,8187
15.759325,9337,8178,8185
15.768371,9334,8178,8182
15.77741,9332,8178,8182
15.786443,9332,8178,8185
15.797191,9334,8178,8182
15.808832,9332,8178,8185
15.817848,9332,8178,8182
15.826739,9329,8178,8182
15.83491,9332,8178,8185
15.845918,9332,8178,8182
15.8595,9326,8181,8185
15.866042,9332,8178,8182
15.877607,9329,8178,8182
15.886692,9329,8178,8180
15.897049,9329,8178,8182
15.90871,9329,8178,8180
15.917716,9324,8178,8182
15.929245,9326,8178,8185
15.938265,9326,8178,8182
15.94687,9324,8175,8185
15.955914,9321,8175,8182
15.966902,9318,8175,8185
15.975929,9315,8175,8177
15.989691,9313,8175,8182
15.996275,9310,8175,8182
16.00799,9307,8175,8185
16.016768,9307,8175,8182
16.028355,9299,8175,8180
16.033821,9305,8175,8182
16.044985,9302,8175,8182
16.059158,9299,8178,8182
16.068224,9297,8178,8185
16.074232,9297,8178,8182
16.085712,9293,8178,8185
16.097299,9293,8178,8185
16.106511,9293,8175,8182
16.118168,9287,8178,8182
16.127184,9290,8178,8182
16.137865,9290,8178,8185
16.149042,9293,8178,8182
16.158052,9287,8178,8185
16.167045,9287,8178,8180
16.175777,9290,8178,8182
16.186633,9285,8178,8182
16.197829,9287,8178,8182
16.206176,9285,8178,8182
16.215205,9287,8178,8185
16.225813,9282,8178,8182
16.23911,9279,8178,8187
16.245605,9282,8178,8185
16.257239,9282,8178,8182
16.266034,9279,8178,8180
16.2777,9279,8178,8182
16.288939,9270,8178,8182
16.295417,9276,8178,8182
16.306605,9273,8178,8182
16.315608,9267,8178,8185
16.325368,9267,8178,8182
16.336762,9265,8175,8182
16.345785,9265,8178,8185
16.357487,9262,8178,8185
16.366444,9259,8178,8182
16.378092,9254,8178,8182
16.386675,9254,8178,8177
16.397782,9254,8178,8182
16.405999,9257,8178,8182
16.415023,9251,8178,8182
16.426165,9251,8178,8182
16.435173,9251,8178,8182
16.446574,9254,8178,8182
16.455596,9254,8178,8182
16.467003,9251,8178,8182
16.476051,9246,8175,8182
16.487684,9249,8175,8182
16.496203,9249,8175,8185
16.505227,9249,8175,8185
16.515795,9246,8175,8182
16.527453,9246,8175,8182
16.535616,9246,8175,8182
16.544618,9243,8175,8182
16.558218,9243,8175,8182
16.564716,9240,8175,8182
16.576044,9240,8178,8182
16.584262,9238,8178,8185
16.595423,9240,8178,8185
16.606796,9240,8178,8185
16.618224,9238,8178,8182
16.62724,9238,8178,8182
16.63618,9235,8178,8182
16.644604,9235,8178,8182
16.655865,9232,8178,8182
16.667525,9238,8178,8185
16.676533,9232,8178,8182
16.688058,9232,8178,8185
16.697101,9230,8178,8185
16.708489,9230,8178,8182
16.714904,9232,8178,8182
16.726523,9232,8178,8182
16.73566,9227,8178,8180
16.747264,9230,8178,8182
16.756308,9227,8178,8185
16.767521,9227,8178,8182
16.776538,9224,8178,8185
16.788206,9221,8178,8182
16.797215,9219,8178,8180
16.803636,9213,8178,8182
16.814489,9213,8178,8180
16.824524,9211,8178,8180
16.838312,9205,8178,8182
16.844705,9200,8178,8182
16.85633,9200,8178,8182
16.865331,9200,8178,8182
16.875997,9200,8178,8182
16.884811,9192,8178,8177
16.895922,9195,8178,8182
16.904956,9195,8178,8182
16.916573,9195,8178,8182
16.928217,9192,8178,8185
16.934644,9192,8178,8182
16.946252,9192,8178,8182
16.955262,9192,8178,8182
16.966998,9187,8178,8185
16.976018,9190,8178,8182
16.987647,9192,8178,8182
16.996675,9190,8178,8182
17.008026,9187,8178,8182
17.01444,9192,8178,8185
17.025688,9195,8178,8180
17.034719,9187,8178,8185
17.045497,9187,8178,8185
17.056518,9187,8178,8182
17.066854,9187,8178,8177
17.075787,9184,8178,8182
17.087264,9184,8178,8182
17.095742,9184,8178,8182
17.104757,9184,8181,8182
17.116094,9182,8181,8180
17.125055,9184,8181,8182
17.136671,9179,8181,8187
17.147185,9179,8181,8182
17.156211,9179,8181,8182
17.167673,9179,8181,8180
17.174096,9171,8181,8185
17.185703,9165,8181,8182
17.194678,9168,8181,8182
17.206367,9171,8178,8182
17.215206,9165,8178,8182
17.223936,9171,8178,8180
17.232516,9168,8178,8180
17.246724,9165,8178,8185
17.255753,9168,8178,8185
17.266847,9165,8178,8180
17.276113,9165,8178,8182
17.284683,9163,8178,8185
17.296302,9165,8178,8182
17.306828,9163,8178,8180
17.313265,9157,8178,8182
17.326386,9157,8178,8185
17.336971,9154,8178,8182
17.345905,9154,8178,8180
17.354834,9152,8178,8180
17.363786,9152,8178,8182
17.374581,9149,8178,8182
17.386178,9152,8178,8182
17.394724,9149,8178,8180
17.403725,9144,8178,8182
17.414814,9144,8178,8185
17.425749,9141,8178,8182
17.437368,9138,8178,8185
17.443787,9138,8178,8185
17.455414,9141,8178,8182
17.464502,9141,8178,8182
17.475753,9133,8178,8180
17.484763,9130,8178,8182
17.496436,9135,8181,8182
17.505507,9133,8178,8180
17.516976,9130,8178,8177
17.523171,9133,8178,8185
17.53434,9130,8178,8185
17.545899,9127,8181,8187
17.554907,9130,8178,8185
17.566496,9127,8178,8182
17.575502,9127,8178,8182
17.587034,9118,8178,8182
17.59345,9122,8178,8182
17.60685,9122,8178,8177
17.613255,9118,8181,8182
17.624348,9109,8175,8182
17.635443,9109,8175,8182
17.644249,9109,8175,8185
17.655945,9104,8175,8182
17.663961,9106,8178,8182
17.675576,9104,8175,8177
17.686812,9101,8175,8180
17.693299,9101,8175,8182
17.704875,9098,8175,8185
17.713839,9101,8175,8185
17.724538,9101,8175,8182
17.733546,9101,8178,8182
17.745107,9098,8178,8182
17.753944,9096,8178,8182
17.765259,9098,8178,8180
17.774261,9090,8175,8182
17.785867,9096,8178,8182
17.794885,9093,8178,8182
17.806116,9096,8178,8177
17.814538,9093,8178,8182
17.82536,9093,8178,8182
17.834355,9093,8178,8180
17.843282,9096,8178,8182
17.856611,9093,8178,8182
17.862947,9096,8178,8182
17.874523,9093,8178,8185
17.883554,9093,8175,8185
17.895075,9090,8178,8185
17.905808,9093,8178,8182
17.91233,9090,8178,8182
17.92596,9090,8178,8180
17.934965,9087,8178,8182
17.946196,9087,8175,8182
17.952183,9087,8175,8185
17.963475,9085,8175,8182
17.975078,9082,8175,8182
17.984061,9082,8175,8182
17.99315,9077,8175,8177
18.002153,9077,8175,8180
18.016327,9069,8175,8177
18.025332,9069,8175,8182
18.034363,9071,8175,8182
18.043372,9071,8175,8185
18.054504,9069,8175,8185
18.066082,9069,8175,8185
18.075102,9071,8175,8180
18.084119,9071,8175,8182
18.093183,9066,8175,8182
18.10476,9066,8175,8182
18.11378,9069,8175,8180
18.125348,9066,8175,8182
18.134355,9066,8175,8180
18.145976,9066,8175,8182
18.152527,9066,8178,8182
18.164162,9063,8178,8182
18.173181,9069,8178,8182
18.184798,9066,8178,8180
18.195294,9060,8178,8180
18.203504,9058,8178,8180
18.212505,9060,8178,8177
18.224144,9058,8178,8182
18.23315,9055,8178,8182
18.244833,9052,8178,8185
18.253796,9050,8175,8182
18.265421,9050,8175,8182
18.274383,9052,8175,8182
18.285616,9047,8175,8182
18.292083,9040,8175,8185
18.30317,9035,8173,8187
18.314611,9040,8175,8185
18.325701,9040,8175,8185
18.331723,9040,8175,8180
18.342892,9043,8175,8185
18.351231,9035,8175,8182
18.362831,9038,8178,8182
18.373475,9032,8178,8182
18.382479,9035,8178,8182
18.393145,9035,8178,8182
18.403543,9030,8178,8185
18.414642,9030,8178,8185
18.423458,9035,8178,8182
18.432474,9030,8178,8180
18.444087,9030,8178,8182
18.453076,9027,8178,8182
18.461943,9024,8175,8185
18.473523,9024,8175,8180
18.482533,9024,8175,8182
18.494152,9024,8175,8182
18.502668,9024,8175,8182
18.514267,9021,8175,8182
18.525566,9024,8175,8182
18.534376,9015,8175,8185
18.545225,9007,8175,8185
18.553471,9002,8175,8182
18.561996,8991,8175,8182
18.573238,8972,8178,8182
18.584736,8949,8178,8185
18.593764,8938,8178,8182
18.60286,8913,8178,8182
18.611706,8882,8178,8182
18.625794,8839,8178,8180
18.631701,8791,8178,8180
18.643292,8659,8181,8187
18.654667,8611,8178,8185
18.665374,8549,8178,8185
18.671816,8461,8178,8180
18.683535,8366,8175,8180
18.692499,8276,8175,8180
18.703756,8174,8175,8182
18.712778,8141,8181,8180
18.724406,8085,8186,8182
18.733433,8037,8193,8182
18.745061,7988,8196,8182
18.754069,7951,8201,8182
18.763081,7915,8209,8182
18.772119,7889,8217,8182
18.78379,7854,8224,8182
18.792433,7799,8230,8180
18.803988,7791,8230,8182
18.812749,7765,8245,8182
18.82399,7743,8250,8180
18.83216,7726,8257,8182
18.844197,7702,8268,8180
18.851827,7674,8273,8182
18.861499,7649,8276,8182
18.873978,7635,8286,8177
18.882719,7624,8286,8177
18.891656,7600,8296,8180
18.900271,7600,8296,8174
18.914003,7535,8308,8177
18.925304,7574,8304,8190
18.931738,7541,8310,8187
18.94218,7561,8299,8180
18.952609,7516,8315,8185
18.961627,7506,8308,8187
18.973211,7530,8308,8187
18.982049,7479,8310,8182
18.993654,7511,8320,8174
19.002555,7538,8320,8190
19.01416,7500,8318,8182
19.020569,7492,8315,8169
19.034802,7506,8331,8174
19.043824,7500,8333,8177
19.055197,7470,8320,8185
19.061681,7492,8333,8172
19.073271,7497,8341,8182
19.081905,7503,8326,8182
19.093521,7439,8331,8180
19.102533,7476,8336,8180
19.113945,7484,8333,8182
19.12299,7449,8338,8177
19.134284,7473,8323,8177
19.140708,7541,8331,8187
19.15454,7489,8318,8185
19.163635,7503,8338,8180
19.174784,7479,8333,8182
19.183829,7479,8341,8185
19.192572,7500,8338,8174
19.201603,7447,8341,8172
19.213228,7500,8336,8174
19.221701,7503,8341,8177
19.230343,7489,8341,8182
19.244422,7476,8326,8185
19.252947,7476,8328,8182
19.264326,7497,8333,8180
19.270831,7473,8328,8182
19.28242,7497,8326,8177
19.291428,7492,8326,8182
19.302894,7476,8331,8180
19.311944,7538,8338,8182
19.323642,7464,8320,8174
19.332569,7522,8328,8182
19.3438,7516,8323,8185
19.35221,7506,8328,8185
19.363372,7489,8328,8182
19.373953,7495,8328,8185
19.382419,7473,8323,8180
19.393991,7541,8320,8190
19.402605,7489,8323,8182
19.411416,7508,8323,8182
19.423093,7535,8323,8177
19.43194,7519,8323,8182
19.443658,7497,8326,8182
19.452675,7511,8318,8187
19.463869,7495,8328,8167
19.472926,7514,8315,8187
19.484412,7508,8313,8174
19.49084,7550,8318,8174
19.502458,7503,8323,8182
19.511519,7500,8326,8177
19.523217,7487,8320,8182
19.532242,7489,8326,8177
19.543874,7470,8331,8174
19.552913,7487,8338,8174
19.564253,7456,8338,8185
19.57072,7484,8328,8180
19.582339,7468,8336,8172
19.591373,7461,8346,8174
19.602877,7425,8328,8177
19.613472,7441,8333,8190
19.62251,7464,8349,8192
19.634077,7444,8323,8185
19.640064,7439,8344,8185
19.654319,7489,8331,8177
19.660782,7506,8338,8174
19.672297,7456,8338,8192
19.681357,7508,8331,8180
19.692943,7476,8336,8187
19.699416,7479,8333,8185
19.713663,7514,8326,8180
19.722712,7476,8326,8177
19.734239,7547,8341,8182
19.740711,7476,8323,8185
19.752227,7473,8328,8177
19.76113,7444,8328,8174
19.772827,7479,8333,8169
19.781859,7541,8333,8187
19.793474,7495,8323,8180
19.802478,7519,8328,8177
19.813919,7535,8323,8187
19.825765,7489,8320,8185
19.831567,7508,8313,8182
19.84055,7487,8313,8172
19.851139,7547,8328,8177
19.862784,7594,8320,8177
19.871749,7535,8296,8180
19.883393,7602,8308,8180
19.892435,7627,8304,8192
19.903456,7649,8286,8182
19.909015,7668,8281,8177
19.92066,7696,8273,8182
19.932238,7760,8260,8182
19.9413,7815,8247,8182
19.950242,7884,8227,8185
19.959253,7972,8209,8182
19.973337,8077,8191,8182
19.982352,8174,8175,8182
19.993946,8235,8173,8185
20.000407,8401,8206,8210
20.011518,8576,8178,8213
20.020534,8796,8178,8218
20.032152,9002,8178,8235
20.041176,9213,8178,8231
20.052826,9457,8178,8228
20.061527,9631,8178,8231
20.072865,9768,8178,8238
20.081399,9858,8178,8228
20.092839,9937,8178,8231
20.099356,10012,8178,8241
20.113418,10066,8178,8241
20.122433,10104,8178,8243
20.131261,10160,8178,8238
20.140278,10174,8178,8231
20.150973,10188,8178,8235
20.162,10199,8178,8231
20.17054,10204,8178,8231
20.182102,10207,8178,8226
20.191006,10221,8178,8228
20.202545,10218,8178,8228
20.21157,10212,8178,8231
20.223059,10233,8178,8223
20.23209,10241,8178,8221
20.243546,10252,8178,8216
20.250049,10266,8178,8218
20.261685,10276,8178,8208
20.270704,10285,8178,8208
20.282341,10301,8178,8198
20.293582,10319,8178,8198
20.30002,10330,8178,8192
20.311631,10354,8178,8192
20.320648,10369,8178,8192
20.331981,10382,8178,8192
20.34091,10396,8178,8190
20.352339,10416,8175,8190
20.361305,10436,8175,8190
20.372976,10452,8175,8187
20.379395,10466,8175,8190
20.390027,10479,8175,8187
20.40156,10490,8175,8187
20.410591,10508,8175,8187
20.422172,10514,8175,8187
20.431211,10522,8175,8190
20.442465,10527,8175,8185
20.451475,10535,8178,8187
20.463082,10538,8178,8185
20.469497,10543,8178,8185
20.481012,10543,8178,8185
20.489704,10550,8178,8185
20.499872,10550,8178,8185
20.51017,10547,8178,8182
20.520548,10547,8178,8182
20.531273,10543,8178,8187
20.542244,10547,8178,8185
20.550544,10543,8178,8185
20.561587,10543,8175,8185
20.569528,10547,8175,8185
20.579486,10541,8175,8182
20.590745,10535,8175,8185
20.599431,10538,8175,8185
20.610691,10538,8175,8185
20.621904,10535,8175,8185
20.63042,10530,8175,8180
20.639144,10527,8175,8185
20.650257,10522,8175,8182
20.659165,10516,8175,8185
20.670567,10505,8175,8185
20.679396,10494,8175,8182
20.691025,10482,8175,8182
20.70003,10471,8175,8185
20.711568,10460,8175,8187
20.720577,10452,8175,8185
20.732194,10444,8175,8185
20.741219,10441,8175,8185
20.752782,10436,8175,8185
20.761711,10436,8175,8185
20.770715,10430,8178,8185
20.779756,10433,8178,8182
20.791368,10428,8178,8185
20.800421,10425,8178,8185
20.811721,10422,8178,8185
20.820772,10413,8178,8182
20.831381,10408,8178,8185
20.839874,10401,8178,8182
20.848037,10401,8178,8182
20.858736,10399,8178,8182
20.869988,10393,8181,8182
20.878658,10393,8178,8180
20.889923,10388,8181,8182
20.898098,10380,8181,8182
20.908663,10371,8181,8182
20.919892,10366,8181,8180
20.93127,10351,8181,8182
20.939876,10346,8181,8182
20.951506,10333,8181,8182
20.960518,10319,8181,8185
20.972159,10301,8181,8182
20.978676,10290,8178,8185
20.989908,10279,8178,8182
20.998472,10271,8178,8182
21.012522,10255,8178,8182
21.018992,10244,8178,8182
21.030637,10229,8178,8180
21.039701,10218,8178,8185
21.051359,10207,8178,8182
21.057786,10196,8178,8182
21.069232,10193,8178,8182
21.078253,10185,8178,8182
21.092228,10182,8178,8182
21.101242,10177,8178,8182
21.110227,10177,8178,8182
21.119292,10174,8178,8182
21.130958,10170,8178,8185
21.13981,10177,8178,8185
21.148849,10170,8178,8182
21.159928,10170,8178,8182
21.171549,10168,8178,8185
21.180556,10168,8175,8185
21.189624,10165,8175,8185
21.198676,10162,8175,8185
21.210283,10154,8175,8185
21.219328,10149,8175,8182
21.230978,10146,8175,8182
21.239887,10141,8175,8182
21.251541,10138,8175,8182
21.260549,10135,8175,8185
21.27173,10135,8175,8182
21.278159,10133,8175,8182
21.289427,10133,8178,8182
21.299466,10130,8178,8185
21.308477,10130,8178,8185
21.320106,10133,8178,8180
21.330069,10130,8178,8185
21.339703,10126,8178,8187
21.348602,10133,8178,8182
21.35928,10135,8178,8185
21.368234,10135,8178,8185
21.379776,10141,8178,8182
21.3887,10143,8181,8182
21.400374,10146,8181,8185
21.409168,10154,8181,8182
21.420812,10154,8181,8185
21.429818,10154,8181,8182
21.441545,10154,8181,8187
21.447971,10162,8178,8185
21.459102,10162,8181,8185
21.468115,10165,8181,8182
21.48184,10162,8181,8185
21.48829,10160,8181,8185
21.499896,10157,8178,8185
21.508885,10149,8178,8185
21.520514,10138,8178,8185
21.529524,10135,8178,8180
21.541166,10135,8178,8182
21.547588,10130,8178,8182
21.559146,10126,8178,8182
21.568212,10121,8178,8185
21.579844,10118,8178,8182
21.588617,10115,8175,8182
21.600261,10112,8178,8185
21.609109,10109,8178,8182
21.620755,10109,8178,8185
21.629765,10106,8178,8185
21.641362,10106,8178,8182
21.650373,10106,8178,8185
21.659196,10101,8178,8185
21.668268,10101,8178,8185
21.679905,10101,8178,8182
21.688792,10098,8178,8182
21.699628,10095,8178,8182
21.710965,10087,8181,8185
21.719476,10090,8181,8185
21.731015,10090,8181,8182
21.739889,10085,8181,8182
21.748397,10082,8181,8182
21.757468,10076,8181,8185
21.771207,10074,8181,8185
21.780215,10071,8181,8187
21.789192,10068,8181,8182
21.798147,10066,8181,8182
21.809358,10060,8178,8182
21.818462,10060,8178,8180
21.830244,10052,8175,8185
21.838795,10052,8178,8182
21.849489,10049,8178,8182
21.860312,10044,8178,8182
21.866783,10039,8178,8185
21.88069,10031,8178,8182
21.889155,10028,8178,8185
21.900724,10028,8178,8185
21.909314,10023,8178,8182
21.917581,10020,8181,8182
21.928351,10018,8181,8182
21.937363,10015,8181,8182
21.948553,10015,8181,8185
21.957616,10015,8181,8185
21.969229,10012,8181,8182
21.978176,10012,8181,8180
21.989525,10009,8181,8182
21.998547,10007,8181,8182
22.009683,10007,8181,8180
22.018697,10012,8178,8182
22.030298,10012,8178,8182
22.039363,10018,8178,8182
22.048416,10018,8178,8185
22.057443,10020,8178,8185
22.069113,10023,8175,8185
22.078146,10028,8178,8185
22.089792,10031,8178,8182
22.09881,10035,8178,8185
22.110479,10031,8178,8182
22.119505,10035,8178,8182
22.128404,10035,8178,8185
22.137098,10035,8178,8182
22.148729,10039,8178,8185
22.157754,10041,8178,8185
22.169365,10039,8178,8185
22.178387,10035,8178,8182
22.187418,10039,8178,8182
22.199013,10041,8178,8185
22.210643,10039,8178,8185
22.217097,10035,8178,8182
22.228014,10028,8178,8185
22.239455,10031,8178,8185
22.248311,10031,8178,8182
22.259426,10026,8178,8182
22.26844,10018,8178,8182
22.279853,10015,8178,8185
22.288858,10007,8178,8182
22.297916,10007,8178,8182
22.306597,10001,8178,8182
22.317343,9999,8178,8182
22.325876,9996,8178,8182
22.33733,9996,8178,8185
22.346115,9988,8178,8182
22.359941,9985,8178,8185
22.368911,9980,8178,8182
22.379972,9971,8178,8182
22.386406,9971,8178,8180
22.397396,9965,8178,8182
22.408999,9960,8178,8182
22.420165,9962,8178,8182
22.426613,9957,8178,8182
22.43823,9957,8178,8182
22.447269,9952,8178,8185
22.458876,9954,8178,8182
22.467889,9949,8178,8182
22.476161,9949,8178,8182
22.489772,9952,8175,8182
22.498401,9943,8178,8182
22.506645,9943,8178,8182
22.518263,9937,8178,8182
22.527268,9932,8178,8182
22.538833,9932,8178,8182
22.547889,9926,8178,8182
22.556504,9926,8178,8182
22.567037,9926,8178,8182
22.578105,9923,8178,8185
22.589579,9923,8178,8185
22.596006,9923,8178,8182
22.606861,9926,8178,8185
22.6185,9926,8178,8182
22.627148,9923,8178,8185
22.636165,9923,8178,8182
22.647257,9923,8178,8185
22.656299,9923,8178,8182
22.667432,9923,8178,8182
22.675286,9923,8178,8185
22.686634,9923,8178,8182
22.698242,9929,8178,8185
22.706956,9921,8178,8185
22.718567,9923,8178,8182
22.725013,9921,8178,8182
22.738764,9921,8178,8185
22.747151,9918,8178,8185
22.758753,9915,8178,8182
22.766917,9915,8178,8185
22.775768,9912,8178,8185
22.789604,9906,8178,8182
22.796033,9904,8178,8182
22.807586,9904,8178,8182
22.816505,9901,8178,8182
22.827761,9898,8178,8182
22.83787,9893,8178,8182
22.84721,9893,8178,8182
22.858588,9890,8178,8180
22.867555,9887,8178,8185
22.878469,9885,8178,8182
22.887165,9876,8178,8185
22.896247,9876,8178,8185
22.907859,9876,8178,8185
22.916713,9871,8178,8180
22.925361,9871,8178,8185
22.936526,9868,8178,8182
22.945085,9868,8178,8185
22.956636,9871,8178,8180
22.968266,9866,8181,8182
22.977218,9860,8181,8182
22.986214,9863,8181,8182
22.997786,9860,8178,8182
23.00679,9860,8181,8182
23.018295,9858,8181,8182
23.027305,9860,8181,8182
23.038904,9858,8181,8185
23.045359,9858,8181,8182
23.059225,9858,8181,8182
23.06571,9858,8181,8185
23.076772,9855,8181,8182
23.087581,9860,8181,8182
23.096041,9860,8181,8182
23.107662,9860,8181,8185
23.116256,9855,8181,8185
23.127854,9852,8181,8182
23.136754,9855,8181,8182
23.148349,9855,8181,8185
23.15739,9847,8181,8185
23.166356,9847,8181,8182
23.177964,9842,8178,8185
23.189466,9845,8178,8185
23.1959,9845,8178,8182
23.206651,9845,8178,8182
23.215691,9842,8178,8185
23.226957,9839,8178,8185
23.235879,9837,8178,8182
23.247496,9837,8178,8185
23.255753,9834,8178,8185
23.267349,9831,8178,8185
23.276121,9831,8178,8182
23.284672,9831,8178,8185
23.296094,9826,8178,8185
23.307626,9823,8178,8182
23.314786,9823,8178,8182
23.32654,9823,8178,8182
23.335049,9823,8178,8182
23.346026,9820,8178,8182
23.356737,9823,8178,8180
23.365055,9823,8178,8182
23.376677,9820,8178,8182
23.388188,9818,8178,8182
23.397242,9815,8178,8182
23.405821,9815,8178,8182
23.416945,9815,8178,8182
23.425849,9815,8178,8182
23.437438,9815,8178,8185
23.446514,9812,8178,8185
23.457772,9818,8178,8182
23.466783,9818,8178,8180
23.478407,9815,8178,8182
23.487413,9812,8175,8182
23.496438,9809,8175,8185
23.507002,9809,8175,8182
23.51596,9804,8175,8182
23.527585,9804,8175,8182
23.536628,9799,8175,8182
23.548265,9796,8175,8182
23.557275,9796,8175,8182
23.566176,9793,8175,8185
23.574495,9788,8175,8182
23.585664,9788,8175,8182
23.597332,9788,8175,8182
23.606055,9782,8175,8182
23.617714,9782,8175,8180
23.624178,9785,8175,8180
23.638182,9782,8175,8180
23.647232,9780,8175,8180
23.658663,9782,8175,8182
23.665072,9780,8175,8180
23.67666,9780,8175,8182
23.685683,9777,8175,8180
23.696855,9780,8178,8182
23.705884,9780,8178,8182
23.717542,9780,8178,8182
23.726554,9780,8178,8180
23.738182,9774,8178,8182
23.744101,9774,8178,8182
23.755674,9771,8178,8180
23.767293,9774,8178,8182
23.776066,9774,8178,8182
23.78507,9771,8178,8182
23.796223,9774,8178,8182
23.805235,9771,8178,8182
23.814373,9768,8178,8182
23.828405,9768,8178,8182
23.836448,9768,8178,8180
23.845238,9765,8178,8182
23.856387,9762,8178,8182
23.864953,9756,8178,8182
23.876095,9756,8178,8182
23.885052,9751,8178,8180
23.896666,9751,8178,8182
23.905538,9748,8178,8182
23.91709,9745,8178,8182
23.925914,9748,8178,8180
23.937551,9745,8178,8182
23.946551,9742,8178,8182
23.95819,9742,8178,8180
23.96462,9740,8178,8182
23.975846,9737,8178,8180
23.984852,9734,8178,8182
23.996503,9734,8178,8185
24.005567,9734,8178,8182
24.017067,9734,8178,8185
24.026055,9732,8178,8182
24.037659,9729,8178,8182
24.044082,9729,8178,8182
24.054907,9726,8178,8182
24.063931,9724,8178,8182
24.07794,9724,8178,8180
24.084361,9721,8178,8180
24.095998,9718,8178,8182
24.106685,9718,8178,8182
24.115181,9718,8175,8182
24.126781,9721,8175,8182
24.135613,9715,8175,8182
24.14463,9710,8175,8180
24.15626,9710,8175,8182
24.165057,9710,8175,8182
24.176723,9706,8175,8182
24.185736,9710,8175,8182
24.196959,9713,8175,8185
24.206197,9706,8175,8180
24.217084,9710,8178,8182
24.225828,9710,8178,8182
24.237301,9706,8178,8180
24.246306,9704,8178,8182
24.255352,9704,8178,8182
24.264416,9698,8178,8185
24.275838,9698,8178,8182
24.284836,9695,8178,8182
24.296485,9698,8178,8182
24.305056,9695,8178,8182
24.315785,9695,8178,8185
24.326642,9695,8178,8182
24.335677,9693,8178,8185
24.344462,9695,8178,8182
24.356003,9695,8178,8182
24.366652,9693,8178,8182
24.375618,9698,8178,8182
24.384661,9695,8178,8182
24.3937,9690,8178,8182
24.404832,9693,8178,8182
24.415911,9695,8178,8180
24.424935,9690,8178,8182
24.436564,9690,8178,8182
24.44302,9690,8178,8182
24.457092,9687,8178,8182
24.466081,9687,8178,8182
24.475127,9685,8178,8185
24.48362,9687,8178,8185
24.494944,9690,8178,8182
24.506692,9687,8175,8182
24.513144,9685,8178,8182
24.526801,9685,8178,8182
24.535811,9685,8178,8182
24.547356,9685,8178,8185
24.553777,9682,8178,8182
24.565446,9679,8178,8182
24.573805,9677,8178,8182
24.585389,9677,8178,8180
24.596898,9679,8178,8185
24.603322,9677,8178,8182
24.612027,9677,8178,8182
24.625835,9674,8178,8182
24.637208,9671,8178,8182
24.643696,9668,8178,8185
24.655249,9671,8178,8182
24.664264,9668,8178,8182
24.675826,9666,8178,8182
24.684883,9666,8178,8185
24.696143,9666,8178,8180
24.704928,9662,8178,8182
24.716467,9662,8178,8182
24.722602,9659,8178,8185
24.734299,9659,8178,8185
24.745399,9659,8178,8182
24.754505,9657,8178,8182
24.766134,9657,8178,8182
24.77257,9654,8178,8182
24.78398,9654,8178,8182
24.795157,9654,8178,8182
24.804387,9654,8178,8182
24.813422,9651,8178,8182
24.823587,9651,8178,8182
24.832713,9651,8178,8182
24.844694,9651,8178,8182
24.853165,9648,8175,8185
24.865929,9648,8178,8182
24.874281,9643,8178,8182
24.885986,9639,8178,8182
24.892615,9639,8178,8180
24.903801,9637,8178,8182
24.91259,9631,8178,8187
24.926327,9628,8178,8185
24.934467,9628,8178,8180
24.943473,9628,8178,8185
24.954497,9628,8178,8185
24.963517,9628,8178,8182
24.975102,9626,8178,8185
24.984162,9626,8178,8182
24.994602,9623,8178,8182
25.003164,9620,8178,8182
25.015766,9620,8178,8185
25.024441,9620,8178,8182
25.035849,9618,8178,8182
25.044833,9615,8178,8185
25.05566,9612,8178,8182
25.061742,9612,8178,8185
25.075669,9615,8178,8182
25.083262,9612,8178,8185
25.092713,9612,8178,8182
25.10314,9618,8178,8185
25.114273,9610,8178,8182
25.122391,9610,8178,8182
25.133774,9610,8178,8180
25.145173,9607,8178,8182
25.154186,9607,8178,8182
25.16581,9610,8178,8185
25.174899,9604,8178,8187
25.185422,9604,8178,8180
25.193412,9601,8178,8185
25.204755,9599,8178,8182
25.213281,9599,8178,8185
25.222396,9593,8178,8182
25.232814,9593,8178,8182
25.241387,9591,8178,8182
25.255373,9588,8178,8182
25.264388,9585,8178,8182
25.275554,9585,8178,8182
25.281976,9588,8178,8180
25.295769,9585,8178,8180
25.304827,9582,8178,8182
25.31356,9585,8178,8185
25.32212,9585,8178,8182
25.33324,9585,8178,8182
25.345163,9580,8178,8185
25.354172,9582,8178,8182
25.364748,9582,8178,8182
25.373153,9580,8175,8182
25.382112,9577,8175,8182
25.393414,9574,8175,8182
25.405026,9574,8175,8182
25.41417,9567,8175,8185
25.42227,9570,8175,8182
25.432843,9567,8175,8182
25.444043,9570,8175,8182
25.452662,9570,8175,8182
25.464146,9570,8175,8180
25.473134,9570,8178,8182
25.48478,9574,8178,8182
25.493626,9574,8178,8185
25.50263,9580,8178,8185
25.514259,9580,8178,8182
25.523283,9580,8178,8185
25.534318,9580,8178,8185
25.544893,9582,8178,8182
25.553913,9582,8178,8185
25.565148,9580,8178,8182
25.574175,9580,8178,8182
25.582846,9580,8178,8185
25.594081,9577,8178,8177
25.603136,9577,8178,8182
25.614377,9570,8178,8185
25.625156,9567,8178,8185
25.631033,9570,8178,8182
25.642559,9567,8178,8185
25.653938,9567,8178,8182
25.662947,9570,8178,8182
25.671257,9570,8178,8180
25.685267,9570,8181,8182
25.694205,9570,8181,8182
25.703213,9570,8181,8182
25.713794,9574,8181,8185
25.722473,9574,8181,8182
25.734149,9570,8181,8182
25.742975,9574,8181,8182
25.751969,9574,8181,8185
25.763489,9574,8181,8185
25.772291,9574,8181,8185
25.783962,9574,8178,8180
25.792165,9577,8178,8182
25.803775,9580,8178,8182
25.812677,9582,8178,8180
25.824281,9582,8178,8185
25.833285,9580,8178,8182
25.842071,9582,8178,8185
25.853385,9582,8178,8182
25.862391,9582,8178,8185
25.873266,9580,8178,8182
25.882239,9580,8178,8180
25.893674,9577,8175,8185
25.902616,9574,8175,8182
25.913534,9574,8175,8182
25.921542,9574,8175,8182
25.931945,9567,8173,8182
25.94358,9567,8175,8185
25.955198,9564,8175,8182
25.96167,9564,8175,8182
25.973188,9564,8175,8182
25.982191,9561,8175,8182
25.993803,9559,8178,8182
25.999846,9559,8178,8182
26.011439,9556,8178,8180
26.022376,9553,8178,8185
26.034004,9556,8175,8182
26.045127,9551,8178,8185
26.051542,9551,8178,8182
26.062747,9548,8178,8182
26.071742,9545,8178,8182
26.082921,9545,8178,8185
26.091893,9543,8178,8182
26.103546,9543,8175,8185
26.112106,9543,8175,8182
26.123729,9540,8175,8185
26.130159,9537,8175,8182
26.141758,9540,8175,8182
26.153396,9540,8175,8185
26.16241,9540,8175,8182
26.171447,9537,8175,8182
26.183063,9537,8175,8182
26.194259,9537,8175,8185
26.203265,9537,8178,8182
26.214195,9537,8178,8182
26.223303,9534,8178,8182
26.234544,9537,8178,8182
26.240967,9534,8178,8182
26.254927,9529,8178,8185
26.261419,9532,8178,8180
26.273039,9529,8178,8182
26.28206,9529,8178,8182
26.293681,9524,8178,8182
26.300118,9529,8178,8182
26.311458,9524,8178,8185
26.320508,9526,8178,8185
26.334748,9524,8178,8185
26.34118,9524,8178,8185
26.349808,9526,8178,8185
26.360334,9524,8178,8182
26.374388,9524,8178,8182
26.383497,9521,8178,8185
26.392423,9521,8178,8182
26.401451,9518,8178,8182
26.412563,9518,8178,8182
26.421572,9521,8178,8185
26.433187,9518,8178,8185
26.442198,9515,8178,8182
26.453812,9515,8178,8182
26.464493,9524,8178,8182
26.470908,9518,8178,8182
26.482513,9518,8178,8185
26.491514,9521,8178,8180
26.503226,9521,8178,8182
26.511786,9521,8178,8180
26.520798,9518,8178,8182
26.529613,9515,8178,8182
26.54122,9515,8178,8182
26.550227,9513,8178,8182
26.559271,9510,8178,8182
26.570905,9505,8178,8185
26.583514,9505,8178,8182
26.594027,9505,8178,8180
26.599769,9505,8178,8182
26.611231,9502,8178,8182
26.622658,9502,8181,8182
26.63173,9505,8181,8180
26.642905,9510,8181,8185
26.651917,9510,8181,8180
26.663054,9510,8181,8185
26.671255,9513,8181,8185
26.682861,9515,8181,8185
26.69106,9518,8181,8182
26.700145,9521,8181,8185
26.714046,9529,8181,8182
26.723082,9526,8181,8182
26.730944,9529,8178,8182
26.739515,9534,8178,8185
26.75113,9532,8178,8182
26.764396,9532,8178,8185
26.770702,9537,8178,8185
26.782316,9534,8178,8185
26.790551,9537,8178,8185
26.802144,9534,8178,8182
26.811127,9532,8178,8182
26.820159,9534,8178,8182
26.831796,9532,8178,8180
26.840822,9529,8178,8182
26.852177,9524,8178,8182
26.86353,9521,8178,8182
26.872133,9524,8178,8182
26.883613,9521,8178,8180
26.892536,9515,8178,8180
26.901576,9510,8178,8182
26.910632,9510,8178,8182
26.922241,9507,8178,8180
26.931407,9505,8178,8180
26.942392,9505,8175,8182
26.953181,9497,8175,8182
26.96183,9494,8175,8180
26.973338,9494,8175,8180
26.97976,9490,8175,8182
26.990655,9485,8175,8182
27.002016,9485,8175,8182
27.010957,9482,8175,8182
27.022555,9478,8175,8182
27.031635,9485,8173,8182
27.042545,9482,8175,8182
27.053535,9485,8175,8185
27.062548,9482,8175,8182
27.071552,9478,8175,8185
27.080562,9478,8175,8185
27.091903,9478,8173,8182
27.100949,9482,8175,8180
27.109478,9478,8175,8182
27.120551,9485,8175,8182
27.129565,9482,8175,8182
27.141033,9485,8175,8182
27.152644,9482,8175,8182
27.161289,9485,8175,8182
27.170294,9482,8175,8182
27.181904,9485,8175,8182
27.192545,9487,8175,8182
27.198932,9485,8175,8182
27.213107,9487,8175,8182
27.222113,9490,8175,8182
27.23363,9494,8175,8180
27.239952,9494,8175,8182
27.251558,9490,8175,8182
27.260548,9494,8175,8180
27.272191,9490,8175,8182
27.280916,9494,8175,8180
27.29207,9497,8175,8182
27.302797,9497,8173,8182
27.311652,9499,8175,8182
27.323273,9499,8175,8182
27.329656,9494,8175,8182
27.340765,9499,8175,8185
27.352489,9497,8175,8182
27.361108,9494,8178,8182
27.36963,9494,8178,8185
27.380917,9494,8178,8182
27.389389,9494,8178,8180
27.400583,9490,8178,8180
27.411803,9490,8178,8185
27.420821,9490,8178,8185
27.432454,9487,8178,8182
27.442782,9487,8178,8182
27.449213,9490,8178,8180
27.460834,9485,8178,8182
27.469905,9485,8178,8182
27.480549,9482,8178,8182
27.489595,9478,8178,8182
27.501219,9478,8178,8182
27.509473,9476,8178,8182
27.521055,9470,8178,8182
27.529619,9470,8178,8182
27.538269,9467,8178,8185
27.552509,9462,8178,8182
27.56152,9467,8178,8182
27.573054,9459,8178,8185
27.579484,9457,8178,8182
27.590227,9457,8178,8182
27.599221,9454,8178,8182
27.612734,9451,8178,8182
27.619215,9451,8178,8185
27.63085,9451,8178,8180
27.639665,9448,8178,8182
27.651288,9448,8181,8182
27.66033,9446,8178,8185
27.671937,9446,8178,8182
27.681029,9443,8178,8182
27.691712,9448,8178,8182
27.699984,9448,8178,8182
27.708869,9448,8175,8182
27.719994,9446,8178,8182
27.730893,9446,8178,8182
27.742549,9448,8178,8182
27.749009,9448,8178,8185
27.760615,9446,8178,8182
27.769674,9448,8178,8182
27.781054,9446,8181,8182
27.789967,9443,8181,8182
27.801586,9446,8181,8180
27.810639,9446,8181,8182
27.821865,9446,8181,8182
27.83264,9443,8181,8182
27.839081,9438,8181,8182
27.8517,9435,8181,8180
27.857212,9435,8181,8182
27.870014,9430,8181,8182
27.880537,9430,8178,8182
27.891576,9430,8178,8182
27.900285,9427,8178,8182
27.911678,9424,8178,8185
27.918017,9424,8178,8182
27.929421,9418,8178,8182
27.941154,9418,8178,8182
27.952162,9418,8178,8182
27.961203,9415,8178,8182
27.970272,9415,8178,8182
27.978556,9415,8178,8182
27.990128,9412,8175,8182
28.00174,9415,8175,8182
28.008159,9410,8175,8182
28.021902,9410,8175,8182
28.028325,9410,8175,8185
28.042313,9407,8175,8182
28.048737,9410,8175,8182
28.060364,9410,8175,8182
28.071333,9404,8175,8182
28.080364,9404,8175,8182
28.089447,9404,8178,8182
28.098492,9404,8178,8182
28.109903,9401,8178,8182
28.121095,9399,8178,8182
28.130036,9396,8178,8182
28.139075,9396,8178,8185
28.148155,9393,8178,8182
28.161883,9393,8178,8182
28.170936,9393,8178,8182
28.179751,9393,8178,8180
28.188431,9393,8178,8185
28.199225,9391,8181,8182
28.210759,9387,8181,8182
28.221285,9384,8181,8182
28.230301,9391,8178,8182
28.241764,9387,8181,8182
28.250784,9387,8181,8182
28.259091,9384,8181,8185
28.267859,9381,8181,8182
28.281642,9381,8181,8182
28.288074,9379,8181,8180
28.299598,9379,8175,8185
28.308617,9384,8175,8182
28.320246,9379,8175,8185
28.33127,9381,8175,8185
28.339971,9384,8175,8182
28.348792,9381,8175,8182
28.359546,9381,8175,8185
28.36848,9381,8175,8185
28.379364,9384,8175,8182
28.388027,9379,8175,8182
28.398839,9381,8178,8182
28.410099,9384,8178,8182
28.419098,9381,8178,8182
28.430713,9381,8178,8182
28.43976,9381,8178,8182
28.448306,9381,8178,8182
28.459171,9379,8178,8180
28.468188,9381,8178,8182
28.479756,9379,8178,8182
28.488149,9379,8178,8182
28.499948,9379,8178,8182
28.508732,9376,8178,8177
28.517654,9371,8178,8182
28.531163,9371,8178,8185
28.539974,9371,8178,8185
28.551632,9368,8178,8182
28.558096,9368,8178,8180
28.569358,9368,8178,8182
28.578378,9368,8178,8182
28.590004,9365,8178,8182
28.598065,9368,8178,8180
28.609641,9365,8178,8182
28.621055,9365,8178,8185
28.630092,9365,8178,8182
28.64111,9365,8178,8182
28.647537,9363,8178,8185
28.658655,9363,8178,8185
28.669727,9365,8178,8182
28.678827,9363,8178,8182
28.690064,9363,8178,8182
28.696488,9360,8178,8182
28.71067,9360,8178,8182
28.719673,9354,8175,8185
28.728088,9354,8175,8182
28.737126,9352,8175,8185
28.748251,9345,8175,8182
28.759864,9345,8175,8180
28.771473,9343,8175,8185
28.777961,9340,8175,8185
28.789646,9334,8175,8185
28.798686,9332,8175,8185
28.807738,9332,8175,8182
28.819365,9332,8178,8185
28.828379,9326,8178,8182
28.84002,9326,8178,8180
28.849052,9324,8178,8182
28.858872,9326,8178,8182
28.867723,9324,8178,8180
28.87845,9321,8178,8182
28.889953,9318,8178,8180
28.898475,9315,8178,8185
28.906911,9315,8178,8182
28.918123,9315,8178,8180
28.929314,9310,8175,8182
28.938322,9313,8175,8182
28.949526,9307,8175,8185
28.958539,9299,8175,8185
28.970165,9299,8175,8185
28.980846,9297,8175,8182
28.987269,9299,8175,8177
28.998863,9293,8175,8177
29.007921,9285,8175,8182
29.019542,9282,8175,8180
29.028473,9270,8178,8185
29.036978,9265,8178,8182
29.050641,9254,8178,8180
29.059223,9240,8178,8182
29.070845,9232,8178,8180
29.077266,9216,8178,8182
29.087978,9198,8178,8182
29.099166,9179,8178,8180
29.10809,9157,8178,8177
29.119917,9135,8178,8182
29.130349,9113,8178,8182
29.136336,9074,8178,8182
29.147733,9055,8178,8182
29.158369,9030,8178,8182
29.168916,9004,8178,8182
29.177702,8988,8178,8180
29.188996,8972,8178,8182
29.198023,8965,8178,8180
29.206648,8954,8178,8182
29.215649,8954,8178,8182
29.227233,8952,8178,8180
29.238567,8954,8178,8177
29.247359,8954,8178,8182
29.258968,8957,8178,8182
29.26789,8960,8178,8180
29.279502,8963,8178,8182
29.285383,8960,8178,8180
29.299544,8965,8178,8182
29.308588,8960,8178,8182
29.320115,8952,8178,8180
29.325695,8944,8178,8180
29.337239,8938,8178,8177
29.348861,8926,8178,8182
29.361076,8910,8178,8182
29.366786,8889,8178,8182
29.378133,8860,8178,8182
29.387038,8822,8178,8177
29.398631,8758,8178,8180
29.410237,8699,8181,8185
29.41671,8605,8178,8180
29.427517,8525,8178,8180
29.436025,8439,8178,8182
29.45021,8342,8175,8182
29.456633,8263,8175,8180
29.468259,8174,8175,8182
29.479186,8144,8181,8180
29.487749,8092,8186,8182
29.496766,8045,8191,8182
29.50577,8000,8193,8182
29.517476,7956,8201,8182
29.528863,7926,8204,8180
29.537871,7909,8212,8180
29.549506,7865,8217,8182
29.55593,7840,8219,8182
29.570027,7809,8227,8182
29.57909,7799,8237,8182
29.587799,7762,8239,8177
29.596821,7741,8245,8182
29.608363,7726,8250,8182
29.617396,7713,8242,8177
29.628584,7699,8265,8177
29.637605,7691,8257,8185
29.649212,7671,8268,8180
29.658236,7666,8263,8182
29.66682,7647,8250,8182
29.675875,7686,8273,8182
29.689625,7668,8273,8180
29.698639,7655,8257,8174
29.709818,7629,8283,8182
29.716244,7621,8278,8180
29.726968,7658,8283,8180
29.735985,7613,8265,8182
29.750005,7632,8268,8180
29.756459,7644,8278,8177
29.768076,7632,8276,8185
29.776801,7613,8283,8177
29.788418,7616,8296,8172
29.797465,7592,8273,8182
29.806529,7605,8283,8180
29.81499,7639,8288,8190
29.828467,7611,8291,8185
29.83723,7613,8299,8185
29.846267,7613,8283,8182
29.857897,7578,8281,8177
29.86713,7602,8268,8185
29.878048,7600,8281,8180
29.886776,7597,8281,8182
29.895712,7621,8276,8182
29.906771,7649,8276,8185
29.918375,7608,8294,8180
29.92747,7644,8283,8177
29.936462,7605,8283,8180
29.947799,7621,8276,8177
29.956653,7632,8281,8180
29.968265,7608,8270,8182
29.976425,7613,8296,8177
29.98802,7632,8283,8180
29.999467,7629,8308,8174
30.005885,7629,8294,8172
30.017541,7632,8276,8174
30.02583,7616,8286,8182
30.037406,7688,8291,8180
30.04901,7652,8255,8174
30.05543,7694,8276,8177
30.065991,7718,8263,8182
30.077237,7773,8255,8180
30.086247,7824,8230,8185
30.097406,7881,8219,8185
30.106373,7951,8206,8180
30.117695,8031,8196,8182
30.126694,8120,8181,8182
30.138308,8195,8173,8180
30.144723,8273,8178,8187
30.158908,8369,8159,8203
30.167907,8530,8181,8198
30.17692,8635,8178,8200
30.185918,8758,8178,8203
30.197039,8902,8178,8198
30.208279,9038,8178,8198
30.217306,9157,8178,8198
30.228475,9249,8178,8195
30.237477,9326,8178,8192
30.249064,9391,8178,8198
30.258083,9451,8178,8198
30.267035,9499,8178,8198
30.275674,9548,8178,8198
30.287298,9591,8175,8195
30.298285,9623,8175,8195
30.307356,9648,8175,8195
30.318522,9674,8175,8192
30.327053,9687,8175,8195
30.338659,9704,8175,8195
30.34734,9718,8175,8195
30.355897,9726,8175,8190
30.367195,9729,8175,8190
30.378281,9742,8175,8192
30.387212,9751,8175,8187
30.396052,9751,8175,8187
30.404846,9751,8175,8185
30.416065,9753,8175,8187
30.427662,9753,8175,8190
30.436707,9751,8175,8185
30.447954,9753,8175,8187
30.456686,9756,8175,8185
30.468338,9760,8175,8185
30.474766,9760,8175,8187
30.488445,9756,8175,8187
30.497512,9762,8178,8182
30.506292,9765,8178,8182
30.515352,9762,8178,8185
30.526985,9768,8178,8182
30.535197,9768,8178,8182
30.546035,9768,8178,8185
30.5577,9771,8178,8185
30.56677,9774,8178,8182
30.578275,9777,8178,8187
30.587285,9780,8178,8185
30.598517,9780,8175,8182
30.604181,9780,8175,8182
30.615123,9780,8175,8182
30.625906,9780,8175,8185
30.637356,9777,8175,8185
30.646371,9777,8175,8182
30.657924,9777,8175,8182
30.666934,9771,8175,8182
30.678508,9771,8175,8182
30.687548,9768,8175,8185
30.696242,9771,8175,8185
30.705303,9765,8175,8185
30.717013,9768,8175,8182
30.725896,9765,8175,8182
30.737504,9762,8175,8185
30.743959,9762,8175,8185
30.757543,9762,8175,8182
30.765917,9760,8175,8182
30.776791,9756,8175,8182
30.785119,9756,8175,8182
30.796478,9753,8175,8182
30.808052,9753,8178,8182
30.814479,9753,8178,8185
30.825931,9756,8178,8185
30.834583,9753,8178,8182
30.846048,9751,8178,8182
30.857384,9753,8178,8182
30.86699,9748,8178,8180
30.8759,9751,8178,8182
30.887399,9751,8178,8180
30.893778,9748,8178,8182
30.904894,9748,8178,8180
30.916153,9742,8178,8180
30.927913,9737,8178,8182
30.93434,9734,8178,8182
30.944542,9729,8178,8182
30.955902,9732,8178,8185
30.967101,9729,8178,8185
30.976066,9732,8178,8182
30.987697,9726,8178,8182
30.996717,9724,8178,8182
31.007705,9726,8178,8182
31.014127,9724,8178,8185
31.02822,9721,8178,8182
31.034629,9715,8178,8182
31.046268,9713,8178,8185
31.055279,9704,8178,8182
31.066848,9704,8178,8182
31.075907,9704,8178,8180
31.087035,9695,8178,8182
31.096048,9693,8178,8182
31.107174,9693,8178,8182
31.113264,9690,8178,8180
31.1245,9687,8178,8182
31.136101,9690,8181,8182
31.145145,9687,8178,8182
31.156762,9685,8178,8182
31.16577,9687,8178,8180
31.177349,9687,8178,8180
31.186361,9682,8178,8182
31.197849,9682,8178,8182
31.204335,9679,8178,8182
31.215937,9677,8178,8182
31.224522,9674,8175,8185
31.236135,9671,8175,8185
31.245163,9674,8175,8182
31.256731,9671,8175,8180
31.265846,9668,8175,8180
31.27481,9662,8175,8182
31.283906,9662,8175,8180
31.293146,9659,8175,8177
31.306991,9651,8175,8185
31.316107,9648,8175,8182
31.324871,9648,8175,8182
31.333887,9646,8178,8185
31.34517,9643,8178,8182
31.354187,9639,8178,8182
31.365406,9637,8178,8182
31.375128,9634,8178,8182
31.385997,9631,8178,8182
31.394556,9626,8178,8182
31.406158,9626,8178,8182
31.41478,9626,8178,8185
31.423289,9623,8178,8177
31.437254,9618,8178,8182
31.4434,9623,8178,8185
31.454937,9620,8178,8182
31.463938,9615,8178,8180
31.475306,9615,8178,8182
31.484423,9618,8178,8182
31.496015,9615,8178,8182
31.504982,9612,8178,8182
31.516236,9612,8178,8185
31.527001,9610,8178,8185
31.535915,9610,8178,8182
31.544871,9607,8178,8182
31.55387,9607,8178,8185
31.565459,9610,8178,8182
31.574589,9607,8178,8182
31.586177,9604,8178,8182
31.595158,9604,8178,8182
31.606684,9604,8178,8182
31.615696,9599,8178,8182
31.624087,9599,8178,8182
31.634944,9596,8178,8182
31.643991,9593,8178,8185
31.655605,9591,8178,8185
31.664646,9591,8178,8185
31.67593,9591,8178,8182
31.68415,9588,8178,8180
31.692628,9582,8175,8182
31.704235,9577,8178,8182
31.713271,9577,8178,8182
31.724884,9570,8178,8182
31.733857,9564,8178,8182
31.745275,9561,8178,8180
31.75377,9553,8181,8182
31.765367,9548,8181,8182
31.776093,9540,8181,8182
31.785154,9537,8181,8177
31.794203,9532,8181,8182
31.803226,9526,8181,8182
31.814783,9518,8178,8180
31.823806,9513,8181,8182
31.835442,9507,8181,8180
31.844471,9497,8181,8182
31.856117,9487,8178,8182
31.865226,9478,8178,8177
31.876718,9465,8178,8177
31.882642,9446,8178,8180
31.893624,9420,8178,8180
31.904162,9379,8178,8182
31.915709,9313,8175,8174
31.924736,9249,8178,8182
31.933606,9165,8178,8180
31.945177,9090,8178,8182
31.95408,8999,8178,8182
31.963084,8910,8181,8180
31.974699,8836,8181,8180
31.983692,8758,8181,8182
31.995202,8680,8181,8182
32.004106,8605,8181,8180
32.01538,8541,8181,8182
32.024258,8463,8181,8180
32.035748,8390,8181,8180
32.044767,8315,8181,8182
32.053319,8257,8178,8180
32.064437,8185,8178,8182
32.073437,8155,8181,8182
32.085024,8122,8183,8182
32.091447,8088,8188,8180
32.105502,8053,8191,8180
32.114383,8018,8193,8182
32.126238,7980,8199,8180
32.135169,7951,8204,8180
32.14428,7912,8212,8180
32.15331,7884,8219,8185
32.164601,7884,8222,8182
32.17335,7846,8227,8182
32.184969,7832,8227,8182
32.194008,7818,8227,8177
32.205623,7801,8242,8185
32.214681,7791,8250,8185
32.223253,7773,8242,8185
32.232271,7765,8252,8185
32.243874,7754,8255,8182
32.255139,7746,8257,8174
32.264142,7713,8245,8180
32.275736,7718,8260,8182
32.282164,7757,8257,8182
32.296171,7702,8247,8182
32.304747,7715,8252,8180
32.313791,7726,8257,8180
32.322667,7696,8250,8182
32.333626,7694,8257,8182
32.342165,7713,8268,8177
32.353732,7715,8263,8182
32.365317,7718,8255,8177
32.37588,7707,8247,8180
32.384814,7724,8263,8180
32.393536,7721,8263,8182
32.402453,7707,8273,8185
32.41574,7733,8263,8182
32.424793,7707,8268,8185
32.435889,7718,8270,8177
32.442327,7707,8265,8180
32.450982,7702,8273,8177
32.462007,7749,8255,8185
32.475976,7707,8257,8185
32.482394,7715,8255,8182
32.494007,7729,8255,8182
32.502236,7729,8255,8182
32.513589,7715,8252,8180
32.525141,7718,8250,8180
32.534156,7743,8255,8187
32.545494,7718,8260,8182
32.551983,7729,8247,8185
32.563592,7735,8270,8174
32.572598,7733,8252,8177
32.584189,7729,8257,8182
32.592836,7721,8250,8177
32.604433,7729,8252,8185
32.613284,7735,8247,8182
32.62228,7746,8250,8180
32.633181,7752,8252,8185
32.642195,7765,8250,8182
32.653725,7757,8232,8182
32.66268,7804,8237,8182
32.674181,7793,8245,8180
32.683171,7824,8232,8182
32.694477,7865,8230,8182
32.703541,7918,8219,8182
32.714517,7972,8204,8180
32.723137,8045,8196,8180
32.732147,8109,8183,8182
32.743165,8179,8173,8182
32.752132,8241,8173,8185
32.76372,8398,8191,8187
32.772752,8541,8175,8200
32.784378,8672,8178,8203
32.79337,8822,8178,8205
32.801838,8991,8181,8205
32.812904,9152,8181,8203
32.821903,9273,8181,8203
32.833504,9379,8181,8203
32.842501,9459,8181,8203
32.853761,9537,8181,8205
32.862878,9599,8181,8203
32.874042,9659,8181,8205
32.882592,9698,8181,8205
32.894111,9732,8181,8203
32.90312,9756,8178,8198
32.911922,9771,8178,8200
32.92295,9793,8178,8198
32.931976,9799,8178,8195
32.943599,9809,8178,8195
32.95215,9820,8178,8195
32.963738,9823,8178,8195
32.975131,9831,8178,8192
32.984156,9839,8178,8192
32.992892,9834,8178,8192
33.001895,9837,8178,8190
33.013513,9837,8178,8187
33.022518,9834,8178,8187
33.034161,9834,8178,8185
33.042872,9834,8178,8185
33.054496,9834,8178,8187
33.063517,9837,8178,8185
33.074682,9837,8178,8185
33.081111,9839,8178,8185
33.0945,9842,8178,8185
33.103511,9842,8178,8185
33.114678,9839,8178,8185
33.121104,9845,8178,8185
33.132265,9847,8178,8187
33.141064,9845,8178,8187
33.15511,9847,8178,8185
33.160979,9852,8178,8185
33.172565,9855,8178,8185
33.184012,9858,8178,8185
33.192551,9855,8178,8187
33.201488,9860,8178,8185
33.212881,9858,8175,8185
33.221911,9860,8175,8187
33.233412,9860,8175,8182
33.242402,9860,8175,8185
33.254033,9863,8175,8187
33.263046,9860,8175,8185
33.27464,9863,8175,8185
33.2807,9860,8175,8185
33.292309,9860,8175,8187
33.301322,9860,8175,8185
33.30991,9863,8175,8185
33.321025,9863,8178,8185
33.33078,9863,8178,8185
33.34189,9863,8178,8182
33.350747,9860,8178,8182
33.364558,9860,8178,8185
33.372799,9863,8178,8185
33.381426,9860,8178,8185
33.392561,9866,8178,8185
33.401488,9860,8178,8185
33.412669,9860,8178,8182
33.42337,9858,8175,8185
33.431419,9858,8175,8185
33.442597,9855,8175,8182
33.453709,9852,8175,8185
33.462608,9845,8175,8182
33.471546,9845,8175,8185
33.482664,9839,8175,8185
33.493743,9837,8175,8182
33.500162,9834,8175,8185
33.511501,9837,8175,8185
33.520532,9834,8175,8182
-1.481302,0,0,0
-1.481302,0,0,0
-1.481302,0,0,0
-1.481302,0,0,0
-1.481302,0,0,0
-1.481302,0,0,0
-1.481302,0,0,0
-1.481302,0,0,0
-1.481302,0,0,0
-1.481302,0,0,0
-1.481302,0,0,0
-1.481302,0,0,0
-1.481302,0,0,0
-1.481302,0,0,0
-1.481302,0,0,0
-1.481302,0,0,0
-1.481302,0,0,0
-1.481302,0,0,0
-1.481302,0,0,0
-1.481302,0,0,0
-1.481302,0,0,0
-1.481302,0,0,0
-1.481302,0,0,0
-1.481302,0,0,0
-1.481302,0,0,0
-1.481302,0,0,0
-1.481302,0,0,0
-1.481302,0,0,0
-1.481302,0,0,0
-1.481302,0,0,0
-1.481302,0,0,0
-1.481302,0,0,0
-1.481302,0,0,0
-1.481302,0,0,0
-1.481302,0,0,0
-1.481302,0,0,0
-1.481302,0,0,0
-1.481302,0,0,0
-1.481302,0,0,0
-1.481302,0,0,0
-1.481302,0,0,0
-1.481302,0,0,0
-1.481302,0,0,0
-1.481302,0,0,0
-1.481302,0,0,0
-1.481302,0,0,0
-1.481302,0,0,0
-1.481302,0,0,0
-1.481302,0,0,0
-1.481302,0,0,0
-1.481302,0,0,0
-1.481302,0,0,0
-1.481302,0,0,0
-1.481302,0,0,0
-1.481302,0,0,0
-1.481302,0,0,0
-1.481302,0,0,0
-1.481302,0,0,0
-1.481302,0,0,0
-1.481302,0,0,0
-1.481302,0,0,0
-1.481302,0,0,0
-1.481302,0,0,0
-1.481302,0,0,0
-1.481302,0,0,0
-1.481302,0,0,0
-1.481302,0,0,0
-1.481302,0,0,0
-1.481302,0,0,0
-1.481302,0,0,0
-1.481302,0,0,0
-1.481302,0,0,0
-1.481302,0,0,0
-1.481302,0,0,0
-1.481302,0,0,0
-1.481302,0,0,0
-1.481302,0,0,0
-1.481302,0,0,0
-1.481302,0,0,0
-1.481302,0,0,0
-1.481302,0,0,0
-1.481302,0,0,0
-1.481302,0,0,0
-1.481302,0,0,0
-1.481302,0,0,0
-1.481302,0,0,0
-1.481302,0,0,0
-1.481302,0,0,0
-1.481302,0,0,0
-1.481302,0,0,0
-1.481302,0,0,0
-1.481302,0,0,0
-1.481302,0,0,0
-1.481302,0,0,0
-1.481302,0,0,0
-1.481302,0,0,0
-1.481302,0,0,0
-1.481302,0,0,0
-1.481302,0,0,0
-1.481302,0,0,0
-1.481302,0,0,0
-1.481302,0,0,0
-1.481302,0,0,0
-1.481302,0,0,0
-1.481302,0,0,0
-1.481302,0,0,0
-1.481302,0,0,0
-1.481302,0,0,0
-1.481302,0,0,0
-1.481302,0,0,0
-1.481302,0,0,0
-1.481302,0,0,0
-1.481302,0,0,0
-1.481302,0,0,0
-1.481302,0,0,0
-1.481302,0,0,0
-1.481302,0,0,0
-1.481302,0,0,0
-1.481302,0,0,0
-1.481302,0,0,0
-1.481302,0,0,0
-1.481302,0,0,0
-1.481302,0,0,0
-1.481302,0,0,0
-1.481302,0,0,0
-1.481302,0,0,0
-1.481302,0,0,0
-1.481302,0,0,0
-1.481302,0,0,0
-1.481302,0,0,0
-1.481302,0,0,0
-1.481302,0,0,0
-1.481302,0,0,0
-1.481302,0,0,0
-1.481302,0,0,0
-1.481302,0,0,0
-1.481302,0,0,0
-1.481302,0,0,0
-1.481302,0,0,0
-1.481302,0,0,0
